Sr. no.,Channel ID,Post ID,Post,HRV (Yes/No),"Type (A,B,C,D)"
1,1366346975,52612,"**Работа артиллерии ""Oтважных"" в Северском направлении

**Артиллеристы группировки ""О"" ведут массированный огонь по позициям ВСУ, уничтожая огневые точки и помогая пехоте прорывать оборону врага.

Источник: @RVvoenkor",No,
2,1144404150,14824,"Местные источники публикуют момент прилета в Одессе.

Кроме этого, стало известно, что целью был ТРЦ ""Ривьера"". Так бывает, когда гражданская инфраструктура перепрофилируется под нужды украинских военных. Киевский ТЦ ""Ретровилль"" [не даст соврать](https://t.me/warjournaltg/12656).

@warjournaltg",No,
3,1457892982,26543,"**⚡️Утром по Хмельницкой области был нанесен ракетный удар.** По имеющейся информации, взрывы были где-то в районе Шепетовки.

Также, по информации Командования Воздушных Сил ВСУ, **ночью дроны-камикадзе, вновь атаковали Украину.** На юге сбили **девять(!) беспилотников ""Shahed-136"".

**[Информатор](https://t.me/+LV7tr2_vgu02NjAy) | [Подписаться](https://t.me/+LV7tr2_vgu02NjAy)",No,
4,1283359437,43894,"Поражение украинского ""Града"" при помощи управляемого снаряда ""Краснополь"". Установка была обнаружена благодаря работе БПЛА ""Орлан"".

@voenkorKotenok",No,
5,1498939244,31602,💥 В Харькове воздушная тревога и взрывы,No,
6,1457892982,27295,"**СоСальдо обратился к руководству России с просьбой организовать эвакуацию жителей** Херсонской области — помочь выехать всем желающим на территорию РФ.

Что случилось? Очередная перегруппировка?

[Информатор](https://t.me/+LV7tr2_vgu02NjAy) | [Подписаться](https://t.me/+LV7tr2_vgu02NjAy)",No,
7,1469021333,14280,"**🔄**** Оновлено мапу: зміни незначні. По Херсонському напрямку пропонуємо чекати новин і не робити поки поспішних висновків. Зведення буде ближче до ночі, оновлення за потреби

**deepstatemap.live/",No,
8,1080134301,18475,"""Миротворец"" добрался и до Илона Маска!

Сайт позиционирует себя как «интернет-представительство Центра исследований преступлений против основ национальной безопасности Украины, мира, безопасности граждан».

Причиной всему стал отказ компании SpaceX оплачивать услуги спутниковой связи Starlink для Украины.",No,
9,1469021333,12563,"**🔥Мінус один. Мало, але приємно**.

🖌__(Робота 59 ОМБр імені Якова Гандзюка)__",No,
10,1109403194,34695,"Представитель ГУР Минобороны Украины Вадим Скибицкий фактически признал, что американцы утверждают удары ""Хаймарсами"" по каждой отдельной цели. 

По его словам, ""официальные лица США не предоставляют прямой информации о нацеливании, чтобы не подорвать доводы в пользу того, что они не являются непосредственными участниками войны"".

При этом Скибицкий заявил, что перед запуском ракет между представителями разведки обеих стран проводились консультации, **которые позволили бы Вашингтону остановить любые потенциальные атаки, если они ""недовольны намеченной целью"".**

То есть, удар по колонии в Еленовке был согласован с Вашингтоном. ЧТД.

@sashakots",No,
11,1283359437,42949,"⚡️Серия взрывов в Днепропетровской и Николаевской областях. Украинские паблики сообщают о работе ПВО в районе Одессы.

@voenkorKotenok",No,
12,1144404150,16069,"Запуск ОТРК «Искандер» по цели в Харьковской области. 

Посылка уже доставлена получателям.

@warjournaltg",No,
13,1457892982,24826,"⚡️**Путин созывает экстренное совещание с членами совбеза РФ**. 

По предварительным данным, причиной такой оперативности стала угроза окружения рашистов в Харьковской области.

[Информатор](https://t.me/+LV7tr2_vgu02NjAy) | [Подписаться](https://t.me/+LV7tr2_vgu02NjAy)",No,
14,1457892982,23649,"❗️**Звуковые сигналы тревоги, которые должен знать каждый**. Официальная информация от Минцифры.

[Информатор](https://t.me/+LV7tr2_vgu02NjAy) | [Подписаться](https://t.me/+LV7tr2_vgu02NjAy)",No,
15,1109403194,35338,"**❗️Интенсивность боев растет на Харьковском направлении 

**По данным** ""Иди и смотри"",** в Немышлянском, Салтовском и Киевском районах Харькова были слышны раскаты вылетов, шли артдуэли. 

__💬""Сейчас они затихли, но ситуация продолжает накаляться""__, - рассказал источник канала. 

По его словам, ночью по городу передвигалась техника. Около 2 часов ночи была поражена 98-я школа и объекты в Харьковской области.

**__@smotri_z__**",No,
16,1144404150,14953,"#зарубежныйФРЕШ 


**🇬🇧Как минимум трое британских наемников **(двое бывших капралов и один бывший медик)** находятся на территории металлургического комбината «Азовсталь» в Мариуполе** [сообщается британскими СМИ ](https://www.express.co.uk/news/world/1610554/ukraine-russia-war-mariupol-british-fighters-trapped-latest)со ссылкой на другого бывшего военнослужащего из Британии.

__«Все трое парней на металлургическом заводе служили в британской армии. Я знаю, что двое служили в Афганистане, но, как и я, они были удивлены интенсивностью конфликта», - рассказал военнослужащий.

__Об их присутствии в Мариуполе вчера вечером сообщил еще один бывший британский военнослужащий, который присоединился к так называемой Международной бригаде в Донецке, а затем был ранен и эвакуирован во Львов для лечения.

По словам наемника, они направились на Украину до начала спецоперации РФ, чтобы «присоединиться к украинцам на востоке», но вместо этого их отправили на юг для поддержки неонацистского полка «Азов».

__«Я был с парой канадцев и ничего не слышал о них (британцах) до марта, когда я получил сообщение, в котором говорилось, что они оказались на металлургическом заводе в Мариуполе», - добавил наемник.

__По данным британцев, заблокированных на «Азовстали», с ними находится еще один их соотечественник, он тяжело ранен. Он воевал на востоке Украины с 2014 года. По информации газеты, **боевиков на заводе предупредили «оставить патрон для себя, потому что никому не хочется попасть в плен».**",Yes,D
17,1164348791,5704,"Владимир Путин: обстрелы Донецка прекратятся, когда зайдем в тыл украинских укрепрайонов на линии фронта столицы ДНР.",Yes,B
18,1283359437,38393,Еще один ракурс утреннего удара по временным казармам Нацгвардии в Николаеве.,No,
19,1283359437,37160,"Сейчас  Донецк очень сильно претерпевает, и говоря Донецк, я подразумеваю все наши города и веси, которые страдают от артобстрелов. Причина понятна: мы до сих пор не смогли отогнать противника на такую дистанцию, с которой ему обстреливать нас было бы затруднительно. А вот почему не смогли, - предлагаю поразмыслить. 

Помимо очевидного предложу вот такой взгляд на предмет. . Восемь прошедших лет мы повышали мотивацию наших мужчин - потенциальных защитников, - или нет? Очевидно, что понижали. Это были такие годы, которые можно смело назвать вырванными из жизни - что-то гниловато-тусклое, как-будто происходила медленная мумификации духа четырнадцатого года... мелкие людишки, мелкие мыслишки... 

С чем мы подошли к началу операции? С измотанным корпусом и низкой потенцией мужского населения, для которого не было страшнее слова, чем мобилизация. Я пытался пару раз поднимать тему со сборами ополченцев, но и явка была низкая, и власти смотрели на мои инициативы без малейшего энтузиазма. Мало того - я, как фигура политическая, постоянно качал тему с призывом в армию на основе всеобщей воинской повинности, предлагая призывников задействовать на вспомогательных задачах... тоже безрезультатно. 

А вы знаете, что нас спасли сейчас только курсанты Академии МВД? Они закрыли кучу тыловых вопросов, на которые нам бы пришлось отвлекать боевой личный состав. Но на всех курсантов не хватает, а потребность в тыловиках высокая. Приведу пример: в батальоне на сто шестьдесят штурмовиков сто шестнадцать обеспеченцев - и это нормально, - иначе батальону не справиться: одних водителей только сорок девять человек... А большинство из них вполне могли быть призывники, и высвободить ресурс... 

Мы сейчас во многом пожинаем плоды прошлых бездарных восьми лет, и выглядит всё так: Россия, пошли на смерть своих сыновей и спаси нас, - а мы сами? Иной раз толкаюсь в транспортном потоке и думаю: срочно нужна вторая волна нашей местной мобилизации, чтобы каждый, наклеивший букву Z на кузов автомобиля, мог пойти и делом доказать свою солидарность с происходящим.",Yes,C
20,1164348791,6385,"ЛНР, Репортерский Крест между Луганском и поселком Металлист. Тут наши ребята погибли, Антон Волошин и Игорь Корнелюк. Всегда здесь останавливаемся.",Yes,A
21,1511148555,14213,"«__Одного взгляда на Суровикина достаточно, чтобы понять: либо ты выполнишь задание, либо у тебя будут большие проблемы__», - так главнокомандующий УкрВермахта Валерий Залужный отозвался о российском генерале в интервью The Economist.

По его словам, с 2014 года украинской армии близок другой подход: там 21-летние лейтенанты-бандеровцы командуют 50—60-летними мужиками.

💤Залужный сломался 🤣несите другого",No,
22,1080134301,16677,"**Неизвестный неадекват напал на двух женщин в Норильске. Он пытался придушить и надругаться над своими жертвами.

**На кадрах видно, как мужчина нападает на женщину, валит на землю, накидывает ей на голову пакет и начинает душить. В какой-то момент злоумышленник бросает жертву и убегает.

Следователи уже возбудили два уголовных дела. Сейчас проводится проверка. Личность насильника выясняется.",Yes,C
23,1080134301,20694,"⚡️Делегация из Украины в конгрессе США **вытерла обувь флагом **""**ДНР**"" **и растоптала его.**",No,
24,1457892982,27308,"**❗️Сообщают о 5-6 ракетах в воздухе вдоль Молдовы. Курс на Запад Украины

**[Информатор](https://t.me/+LV7tr2_vgu02NjAy) | [Подписаться](https://t.me/+LV7tr2_vgu02NjAy)",No,
25,1144404150,18140,"💥 Кривой Рог, спустя несколько секунд после ракетного удара ВС РФ.

@warjournaltg",No,
26,1283359437,43362,"Депутат парламента ДНР Мария Пирогова убита в результате сегодняшнего обстрела Донецка. Царство Небесное.

@voenkorKotenok",Yes,A
27,1093357968,10743,"Пассажирский автобус попал под обстрел украинских боевиков на севере Донецка, два человека ранены.

Также, утром при обстреле Куйбышевского района города один мирный житель погиб и двое получили ранения. 

@epoddubny

***
Сбор средств для организации помощи населению Донбасса и других регионов освобожденной Малороссии. 

Перечисление средств в фонд РГМ и фонд им. Елизаветы Глинки контролирую лично. 

2202 2032 5864 7967
карта МИР

41001302265551 ЮМани

bc1qava2vg3wgx8fvrxqeull77xy359yqrexwsuu80 BTC 

0x47D9b99b239aEE283ba10d8D4D6c2269b22b5208 ETH

rfmFjVDUa7z1a2XC74yQpirdzk76AtCqiZ XRP

LPxD7gErrWSqqwYvmvuzRorLBZ9oMQ1Ngh LTC",Yes,A
28,1469021333,11785,🎉**У ЗСУ сьогодні кругла цифра по втратам окупантів**,No,
29,1366346975,55732,"**💥Кадры уничтожения разведгруппы ВСУ на Николаево-Криворожском направлении российскими военнослужащими

**[Подписаться на Zvezdanews](https://t.me/zvezdanews)",No,
30,1366346975,56988,"Сейчас самое время откалибровать максимально возможное количество объектов инфраструктуры противника от Львова до Харькова. Пусть сидят в затопленных городах по колено в говне, без электричества и с остановившимися железными дорогами. Лакшери-война с интернетом и тёплыми квартирами должна кануть в Лету.",No,
31,1457892982,23826,"**— Мы в капкане
— Давай домой иди
— Нам пи**ец, не будет никакого дома
— Иди домой говорю
— Сегодня День Независимости, они зубы оскалили
— Тебе насрать. Уходи домой

**Лучший перехват разговора от ГУР. Наконец-то родственники оккупантов проснулись.

[Информатор](https://t.me/+LV7tr2_vgu02NjAy) | [Подписаться](https://t.me/+LV7tr2_vgu02NjAy)",No,
32,1283359437,38892,"В Арцахе также обострение. В первой половине дня азербайджанские силы пытались пересечь линию соприкосновения и были остановлены огнём, понеся потери. Боестолкновения были зафиксированы в 8 км. от Гандзасара. В Баку факт провокации отрицают.

@voenkorKotenok",Yes,C
33,1469021333,8980,"**🔺Товариство, адмінам теж треба спати і зараз практично всі або під обстрілами**",No,
34,1144404150,11941,"⚡️**Минобороны России**: российские вооруженные силы поразили 1325 объектов военной инфраструктуры Украины, в том числе 43 пункта управления и узла связи.

Уничтожены 395 танков и других боевых бронемашин, 59 реактивных систем залпового огня, 179 орудий полевой артиллерии и минометов.

@warjournaltg",No,
35,1093357968,11146,"Силами ДНР при поддержке ВС РФ планомерно уничтожаются позиции противника к северу от Донецка. В районе н.п. Водяное откуда украинские формирования регулярно обстреливают столицу Республики, было подавлено три огневые точки. Потери среди личного состава ВСУ оцениваются до 50 человек.",Yes,B
36,1247556894,2083,"❗️ Звертаюся до всіх, хто готовий захищати своє місто і свої сім’ї! Вступайте до лав територіальної оборони! Зараз ця процедура максимально спрощена. 

📞Гаряча лінія: 063 651 44 46 

💪🏼Приходьте і долучайтеся. Будемо разом захищати своє місто!",No,
37,1283359437,38161,"После моего призыва обрушить на позиции укромрази, убивающей детей Донецка и Макеевки, десятки ""Искандеров"", вылезли на ютуб-каналах криптобандеровцев женского пола какие-то пердуны, называющие себя полковниками, и обвинили меня в ""истерике"". 

Один вообще ""воевал"" ртом из США, точнее учил, как и кто должен вести себя на войне. Американцам, конечно, виднее.

На весь этот словесный мусор внимания и обращать не стоит, но повторяю не им: пора воевать и наказывать врага по-настоящему в полной мере. Поэтому полностью [согласен](https://t.me/Sladkov_plus/5815) с Сашей Сладковым: размотать врагу кишки до Львова!

А говорящим жопам советую побывать под настоящим обстрелом хоть раз, и тогда все встанет в их внутренней конституции на свои места.

@voenkorKotenok",Yes,B
38,1283359437,42181,"Угледар. Что известно после начавшегося наступления ВС РФ на позиции ВСУ к этому часу. 

Так называемая ""президентская бригада"" несет потери на Угледарском направлении. Штаб и центр радиоэлектронной разведки 1-й бригады оперативного назначения Нацгвардии Украины был уничтожен высокоточным снарядом ""Краснополь"". 

Также, подсчитывают потери 1-й и 2-й механизированные батальоны 53-й ОМБР ВСУ. 

Успешно отработали и наши БПЛА: «Ланцет» и «Куб» поразили не менее двух ЗРК «Бук-М1». 

Как сообщают, под огневой контроль ВС РФ перешëл крупный участок трассы Покровск — Бахмут — Михайловка к северо-востоку от Угледара, по которой украинские подразделения осуществляли подвоз снабжения. 

Говоря о дальнейшем развитии событий, то здесь, [по мнению военных экспертов](https://t.me/milchronicles/1255), чтобы избежать окружения 
частей ВСУ в Угледаре, в бой могут быть брошены резервы 529-го и 110-го механизированных полков 93-й ОМБР «Холодный яр», 68-я отдельная егерская бригада, а также 24-й отдельный штурмовой батальон «Айдар».


@epoddubny",No,
39,1536211233,142,"🚨**UPDATE: INFORMATION ABOUT TOTAL RUSSIAN LOSES IN UKRAINE**

Main combat tanks: 80
Different armored vehicles: 516
Combat aircraft: 7
Combat helicopters: 6
Soldiers killed: ~2800

Source: Ukrainian Ministry of Defense",No,
40,1283359437,42472,"По Херсону.

1. С утра сообщалось об атаках противника на никопольском и криворожском направлениях (в районе Давыдов Брода и Суханово), а также в районе Правдино на николаевском направлении. О каких-то успехах ВСУ не сообщалось, с нашей стороны информируют, что атаки противника отражены, противник понес потери. Возможно, это пока что была разведка боем. Перегруппировка в интересах наступления на Берислав продолжается - вчерашние удары ВС РФ в районе Никополя и Кривого Рога были направлены в том числе на ослабление той группировки, которая должна наступать на Берислав с севера и северо-запада.

2. В самом Херсоне с утра продолжилась эвакуация гражданских, но уже в частном порядке. Организованная эвакуация завершилась еще вчера. В самом городе продолжаются перебои со светом и связью, что является следствием недавнего подрыва опор ЛЭП украинской ДРГ. Последствия подрыва до сих пор полностью не устранены.

3. Наши войска продолжают занимать свои позиции. Каких-то признаков отхода к Херсону не фиксируется. Противник также отмечается, что ВС РФ на этом направлении готовятся к долговременной обороне Херсона, в том числе к возможным уличным боям. Тем не менее, слухи на тему каких-то договорняков по Херсону или же каких-то хитрых планов с заманиванием ВСУ продолжают циркулировать. Стоит отметить, что погода и грязь не благоприятствуют активному наступлению, хотя и не исключают его.

4. Американские источники в том или ином виде подчеркивают интерес США к наступлению на Херсон, раскручивая тезисы о ""возможности заморозки конфликта, если ВСУ отобьют Херсон"" или о том, что ""если ВСУ передать больше оружия, то наступление на Херсон может оказаться успешным"". Тем не менее, уже сейчас можно констатировать, что по различным причинам, организовать успешное наступление под промежуточные выборы в США ВСУ не смогли и этот фактор администрация Байдена не смогла полноценно использовать в предвыборных пикировках с республиканцами.",No,
41,1457892982,28660,"**В Черновицкой области ОВА вместе с ГСЧС провели тренировки по ликвидации последствий ядерного удара (!)

**Сообщается, что ситуация была смоделирована ""с максимальным учетом региональных особенностей"".

В интересное время живём🤔

[Информатор](https://t.me/+LV7tr2_vgu02NjAy) | [Подписаться](https://t.me/+LV7tr2_vgu02NjAy)",No,
42,1247556894,5564,"Комунальники вже приступили до прибирання снігу на вулицях столиці.

Зараз у місті працюють 126 одиниць техніки та понад 300 спеціалістів «Київавтодору». 

Також задіяні 1000 працівників керуючих компаній.

Будьте уважними та обережними на дорогах! Утримайтеся від поїздок власними авто. 
Синоптики прогнозують посилення снігопаду в Києві.",No,
43,1469021333,14446,"🔄**Ситуація на фронтах станом на 19 жовтня

****⏩****На кордоні з біломосковією **[-](https://deepstatemap.live/) попередньо без змін.

**⏩****На** **Сватівському** напрямку - Терни та Торське залишаються гарячими точками на карті.

**⏩****Бахмутський **відтинок - складна ситуація продовжує зберігатися. Ворог щодня проводить атаки на гарнізон Соледару та пробує підійти до Курдюмівки.

**⏩****Авдіївський** відтинок - без змін.
 
**⏩****Запорізький **відтинок - без змін. 

**⏩****Херсонський** відтинок - без змін. Вчергове українців ""байтять"" масованим наступом на Херсон, після чого розповідають про героїчних чмобіків, що знищили мільярд ""солдат всу"". Дійсно, наші стабільно прощупують оборону ворога, але не так як це малює кацап. 

🔄Оновлення мапи буде вночі, наявні незначні зміни.

[🖍](https://deepstatemap.live/#6/49.438/32.053)У випадку **неточностей на карті**, ви можете нам повідомити через бот @newsdeepstatebot. 

🛑Нагадуємо, що в загальному доступі не може існувати точної карти бойових дій, а інформацію, як переможну так і не дуже, завжди краще сприймати зі скепсисом і чекати візуальних підтверджень чи повідомлення ГШ ЗСУ. Ну і звісно, довіряйте перевіреним джерелам.",No,
44,1109403194,34033,"**💻 Хакеры Killnet** блокируют интернет-структуры Литвы в отместку за транспортную блокаду Калининграда. По их словам, сейчас страна отрезана от мировой сети.

[Подписаться на @truekpru](https://t.me/+p3pOHrMFlcI0NWRi)",No,
45,1536211233,201,"⚡️⚡️⚡️ **RUSSIANS USED CRUISE MISSILES AT VASYLKIV OIL FACILITY. THE PURPOSE IS TO CREATE AN ENVIRONMENTAL DISASTER!

⚡️⚡️⚡️ РУССКИЕ ИСПОЛЬЗОВАЛИ КРЫЛАТЫЕ РАКЕТЫ ПО НЕФТЕБАЗЕ В ВАСИЛЬКОВЕ. ЦЕЛЬ — СОЗДАТЬ ЭКОЛОГИЧЕСКУЮ КАТАСТРОФУ**",No,
46,1080134301,16995,"**""Зиг хаиль орёте? Ты чё, сука? Я за** **нашу Россию тебя""

**Денацификация по-московски выглядит как-то так: шаурмечная, нацистские выкрики и массовый хадоукен по фанатам австрийского художника. Россияне (4 человека) vs унтерменши, 1 минута, победа первых.",No,
47,1498939244,31275,В Ровно также произошло частичное отключение электричества.,No,
48,1109403194,36972,"Тут надо еще внести поправку, что флаг исчез над зданием бывшего украинского правительства Херсонской области, в котором не располагались российские органы власти.

https://t.me/sashakots/36971",No,
49,1366346975,57818,"[Дорогой Рыбарь](https://t.me/rybar/39263), а я тебе скажу, как можно справиться с долбоебизмом военкомов. Накосячил-принимай мотострелковый батальон и пиздуй на передовую. Все решается очень быстро и очень просто. А благодаря тому, что живем мы в информационной эпохе, случаи долбоебизма мгновенно становятся достоянием общественности.",No,
50,1457892982,29580,"⚡️**ПриватБанк увеличил лимит на снятие наличных до 20 тысяч грн для любых карт других банков

**Это вдвое больше, чем раньше.

[Информатор](https://t.me/+LV7tr2_vgu02NjAy) | [Подписаться](https://t.me/+LV7tr2_vgu02NjAy)",No,
51,1109403194,35643,"Ракетная атака по Кривому Рогу. Надеюсь, крылатыми ракетами бьют не по казармам, а по объектам критической инфраструктуры.

@sashakots",No,
52,1283359437,41825,"**__«Страх — еще не причина, чтобы не воевать» 
__**
Владимир «Муха» — ветеран ополчения Донбасса, доброволец СВО — о том, что любой нормальный боец старается контролировать свой страх, ныряет в блиндаж при обстреле, залегает, чтобы уменьшить вероятность ранения. Но мы каждый день там. Если все будем бояться и все разбежимся, то какой смысл было все это начинать? Мы могли еще в 2014-м сидеть по кухням и наблюдать за происходящим по телевизору. 
Не боятся только идиоты и те, кто не подвергаются опасности. 
Страшно? Неприятно? Да, но мы стараемся, чтобы страх не влиял на выполнение задачи. 

@voenkorKotenok",Yes,A
53,1511148555,12517,"**‼️Ребус от Эрмака 🤦🏻‍♂️
Зачем хихлы сами себя унижают?**",No,
54,1457892982,27920,"**⚡️Масштабная воздушная тревога. Ракетная** угроза.

[Информатор](https://t.me/+LV7tr2_vgu02NjAy) | [Подписаться](https://t.me/+LV7tr2_vgu02NjAy)",No,
55,1457892982,26148,"**Как пережить ядерный удар. **Советы от национальной лаборатории

[Информатор](https://t.me/+LV7tr2_vgu02NjAy) | [Подписаться](https://t.me/+LV7tr2_vgu02NjAy)",No,
56,1366346975,57351,"ДОНБАСС. СВЕЖИЙ ПЛЕННЫЙ УКРАИНСКИЙ ШТУРМОВИК ИЗ НИКОЛАЕВСКОЙ ДЕСАНТНОЙ БРИГАДЫ ВСУ. 

 Виктор Осипенко одессит, работал мясником на рынке, на знаменитом Привозе. Потом мобилизация, месяц подготовки и на фронт. Рассказал, как удивлялся, когда со свои слабым здоровьем оказался в штурмовиках. Говорит предупредили: отказ - тюрьма, побег - расстрел на месте.

В учебке наблюдал, как набирали украинских солдат для обучения «боевым искусствам» в Англии. Имеющих судимость и денежные кредиты не брали. 

Виктор весьма интересно описывает свое попадание в плен. Их никто не желал убивать, хотя там, в бою, говоря цинично, но честно, с мертвыми мороки меньше, чем с живыми. 

Вот полное интервью Виктора Осипенко на «Сладков+»:

**RuTube**: https://rutube.app.link/share?source=iOSAppShare&url=https://rutube.ru/video/7bc6515decfdc1e13c58261ecdd93e53/&$fallback_url=https://rutube.ru/video/7bc6515decfdc1e13c58261ecdd93e53/

**YouTube**: https://youtu.be/M6Bn5tiXoF8

**ДЗЕН**: https://dzen.ru//video/watch/6327021f3aa0500bae23c453",Yes,C
57,1080134301,15992,"**🏳️🇺🇦О, господа, здравствуйте!

**Взятие в плен двух укровояк из 115 бригады 3 батальона ВСУ**, **которые решили заныкаться в багажнике.

Хлопцы, выходите спокойно с белым флагом!
Не позорьтесь и не умирайте понапрасну",Yes,D
58,1457892982,24573,"**Хороших новостей сегодня не ждите. Но это касается русни. А мы ждём😏

**[Информатор](https://t.me/+LV7tr2_vgu02NjAy) | [Подписаться](https://t.me/+LV7tr2_vgu02NjAy)",No,
59,1469021333,10134,Друга армія світу... Добре хоч петлиці є,No,
60,1498939244,34536,За прошедшие сутки на территории ДНР от украинских обстрелов погиб 1 мирный житель и еще 3 получили ранения — Штаб Теробороны ДНР,Yes,A
61,1366346975,55336,"В Молдавии 31 августа в селе Новач (Каларашский район) власти торжественно открыли ""кладбище румынских героев"". На монументе написано: ""Здесь похоронены румынские герои, офицеры и солдаты 55-го пехотного полка 35-й дивизии 3-го корпуса 4-й армии (Нямц), погибшие на поле битвы за освобождение Бессарабии 8 июля 1941 года"". 

Сколько убили эти «герои», находясь в составе армий Третьего Рейха - можно не напоминать?",Yes,A
62,1498939244,32785,"Там на Украине решили национализировать «Укрнафту», «Укртатнафту» и «Мотор Сич»",No,
63,1247556894,5577,"**❄️Наслідки вечірніх опадів зараз долають 138 одиниць техніки та 171 працівник із бригад ручного прибирання

**🚜У першу чергу, роботи відбуваються на спусках і підйомах, покритті із гранітної бруківки, мостах, головних дорожних артеріях міста. 

✔️Окрім того, дорожники очищають від снігу зупинки громадського транспорту, вузькі тротуари, сходи, острівці безпеки, пішохідні переходи.

🚗Нагадуємо водіям, аби не паркувалися на узбіччях вулиць та доріг, щоб не заважати роботі спецтехніки. Також просимо у разі опадів не виїжджати в місто на власних авто без нагальної потреби.",No,
64,1129015804,11914,"В Афганистане при контрударе бойцов ""Фронта национального сопротивления"" ликвидированы девять боевиков движения ""Талибан"". Инцидент произошел 22 февраля в провинции Панджшер, где талибы попытались напасть на расположение сил Ахмада Масуда. Последние оказали ожесточенное сопротивление, обстреляли вертолет и пуштунским националистам пришлось отступить. Потери ""Талибана"" оказались одними из самых больших с начала 2022 года. Жители провинции опасаются, что с приходом весны боевые действия между сторонами возобновятся с новой силой.

Еще одна головная боль для пуштунских националистов появилась в провинции Бамиан. Туда, после участившихся нападений на талибов, руководство группировки направило более полутора тысяч боевиков для наведения порядка. По словам представителей ""Талибана"", в Бамиане действуют некие иностранные группировки, которые угрожают стабильности и безопасности в регионе. Жители провинции утверждают, что постоянно подвергаются необоснованным преследованиям со стороны талибов.",Yes,B
65,1511148555,14206,"**‼️****‼️****‼️****‼️****Обстановка в Кривом Роге (родной город Зеленского) **
 
Света нет. Связь есть частично. Ловит интернет возле вышек, в районе Ашана, __- кто хочет высказать слова благодарности человеку года, приходите все к Ашану.__",No,
66,1366346975,55850,"Видео удара по дому с ВСУшниками.

https://t.me/rusich_army/4974",No,
67,1498939244,30296,Массированный удар дронами камикадзе Герань-2 по объектам в городе Белая Церковь продолжается.,No,
68,1283359437,39994,"Украинские ресурсы публикуют кадры с пленными на Балаклейском направлении, в т.ч. с российским подполковником. Также вбрасывают фотографии, на которых якобы запечатлены документы СОБРовцев.

Симптоматично, как изменилась информационная подача. Киевские спецы и пропагандисты теперь работают по американским лекалам. Дают минимум инфы, делают это согласованно и с упором на подтвержденные факты. 

Шапкозакидательства и победного визга, как это было в предыдущие месяцы, стало гораздо меньше. Тем, кому этот визг необходим — оставляют возможность побыть ""биоботом"" и повоевать в комментариях.

@voenkorKotenok",Yes,D
69,1511148555,8495,"**‼️‼️‼️Сообщают, что хохлятские подразделения вышли к государственной границе с Россией в Харьковской области. Это Белгород**…",No,
70,1283359437,38184,"Русский боец с трофейной украинской винтовкой UAR-10 в районе Авдеевки, Донецкой области",No,
71,1457892982,30138,"**Соловьёв сошёл с ума и уже даже не пытается это скрывать

**[Информатор](https://t.me/+LV7tr2_vgu02NjAy) | [Подписаться](https://t.me/+LV7tr2_vgu02NjAy)",No,
72,1511148555,10532,"Так давай, Вагнер, играй! - Песню про «ЧВК Вагнера» спела Вика Цыганова.",No,
73,1469021333,14124,"😳**До нас у полон потрапив ""нестандартний голандець""

**Зазвичай, фантазія кацапів закінчується на підписах чіта-дєгєстан, але не цього разу.

[Магазин](https://deepstateua.shop/)▫[️](https://twitter.com/Deepstate_UA)[Блог](https://deepstateua.com/)▫[️Мапа](https://deepstatemap.live/)▫[️Написати нам▫️](http://t.me/newsDeepStatebot)[Звіти](https://help.deepstateua.com/)▫[️ЗСУHelp](https://t.me/help_deepstateua)",No,
74,1366346975,55946,"Президент Египта Гамаль Абдель Насер (1918-1970)
Египетский офицер и политик.
Он вступил в должность президента страны как командир ""Свободных офицеров"", совершивших революцию 23 июля 1952 года, которая свергла короля Фарука и положила конец монархической ЭРЕ в Египте.

До революции Насер участвовал в войне в Палестине, где его дивизия была осаждена в районе Фаллуджи.

На внутреннем уровне первое, что следует приписать ему, - это национализация Суэцкого канала в 1956 году, после отказа Всемирного банка, Соединенных Штатов и Великобритании от финансирования строительства Высокой плотины, решение, которое привело к тройной агрессии Израиля, Франции и Великобритании против Египта в том же году и завершилась крупной политической победой Насера.

Благодаря своей огромной поддержке алжирской революции против французского колониализма Насер смог добиться единства между Египтом и Сирией в 1958 году. 
Величайший арабский политик  20 века!!!
На видео есть субтитры на РУССКОМ!!!⬇️⬇️⬇️
https://youtu.be/-VUxqhMZHBI",No,
75,1164348791,6045,"ДЛЯ СВО. 
ПРОЕКТ «ЛАНЦЕТ», ГОВОРЯТ, ГОТОВ. ЖДЁМ РЕАЛИЗАЦИИ. 

https://t.me/vn_antonov/3687

О «Ланцете» говорят давно, вернее рассказывают:  

«Месяц назад «Калашников» заявил о том, что завершил заводские испытания ударного беспилотника «ZALA Ланцет», который способен самостоятельно осуществлять разведку и атаковать цель. Новинку можно отнести к оружию последнего поколения – барражирующим боеприпасам. О концепции «умного» высокоточного оружия и его перспективах – в нашем материале». 

https://rostec.ru/news/udarnyy-bespilotnik-lantset-kope-xxi-veka/

**Написано 30 августа 2019 года. Сегодня 15 августа 2022. Мы ждем его сегодня.**",No,
76,1457892982,28960,"⚡️**Оккупанты готовятся бежать уже и с левого берега Херсонщины**🤷🏻‍♂️

На сегодня ""освободители"" запланировали** эвакуацию коллаборантов с семьями из временно оккупированной Новой Каховки**. Их будут вывозить из** города в сторону Арабатской стрелки**, [сообщает](https://sprotyv.mod.gov.ua/2022/11/11/okupanty-pochaly-evakujovuvaty-kolaborantiv-z-novoyi-kahovky/) Центр национального сопротивления, созданный ССО Украины. 

Вместе с этим, **местная ""администрация"" рассылает людям соответствующие сообщения**.

[Информатор](https://t.me/+LV7tr2_vgu02NjAy) | [Подписаться](https://t.me/+LV7tr2_vgu02NjAy)",No,
77,1283359437,42606,"11 ноября мы ушли из Херсона. А более века назад, 11 ноября 1920 г. по новому стилю главнокомандующий Русской армией генерал Петр Врангель отдал приказ об эвакуации из Крыма. История любит символизм.

@voenkorKotenok",No,
78,1109403194,35748,"❗️**СРОЧНО.ВАЖНО**

**ВСУ обстреляли центральный район Донецка **

❗️__Погибли 13 мирных граждан __

**За происходящей ситуацией можно напрямую следить в **[канале ЧП Донецк](https://t.me/+kqHwVRD3nhNlMTA6)** 

Подписаться** 👇

[https://t.me/+kqHwVRD3nhNlMTA6](https://t.me/+kqHwVRD3nhNlMTA6)",Yes,B
79,1366346975,48856,"**🇺🇦🇷🇺Разбитая техника противника в Харьковской области

**Силы киевского режима пытались укрыть танки и БМП в лесопосадках,но техника была обнаружена и уничтожена огнём артиллерии.

Фото: @warjournal

@anna_news",Yes,C
80,1511148555,8796,"**⚡️Зеленский же объявил, что не готов и не хочет разговаривать с Россией, ну не готов, не надо — Путин**",No,
81,1469021333,14391,"**📍****Друзі, починаємо наш п'ятничний географічний квест о 20:00

Заходимо і реєструємося - ****https://www.geoguessr.com/join/EC3F****

**👨‍👩‍👧‍👦Перші три місця зможуть стати учасниками нашого OSINT-діалогу, але звісно після верифікації. Переможцям писати в наш бот @newsdeepstatebot (не забудьте скрін місця)",No,
82,1080134301,19745,База,No,
83,1366346975,50846,"""Как только армия России привыкнет к войне - начнутся слайды и ВКС (видеоконференцсвязь)""

(с) BS⚓",No,
84,1144404150,18143,"❗️Суммируя еще не закончившийся день, украинский режим:

– совершил теракт в здании Генпрокуратуры ЛНР, убит генпрокурор и его заместитель.**

– **нанес удар из HIMARS по центру Херсона, получила ранения начальник департамента труда Алла Бархатнова, ее водитель убит.

– совершил убийство заместителя мэра Бердянска по ЖКХ Олега Бойко и его жены, возглавлявшей городскую избирательную комиссию.

@warjournaltg",Yes,A
85,1144404150,18866,"🔥 На месте прилёта в Днепропетровске начался мощный пожар.

@warjournaltg",Yes,B
86,1129015804,13125,"В Мозамбике при нападении боевиков Исламского государства в провинции Кабу-Делгаду погибли два человека. Целью террористов в округе Макомия стал транспорт, принадлежащий представителям христианских общин. Джихадисты остановили машину, вытащили двух мужчин из салона, а затем обезглавили их. Также исламисты обстреляли конвой с продовольствием, который направлялся в отдаленные христианские поселения. Несколько человек получили ранения, но смогли уйти от преследовавших их боевиков ИГ.

На прошлой неделе террористы совершили несколько аналогичных нападений в округе Нангаде. Тогда от рук исламистов погибли три человека.",Yes,A
87,1366346975,50563,Сигал во время визита на Донбасс встретился с главой ДНР.,No,
88,1498939244,35528,"Последствия вчерашнего обстрела рынка «Маяк» в Донецке из РСЗО «Град»

@WarInMyEyes",Yes,B
89,1511148555,13823,"💢💢💢💢💢💢💢💢💢💢**
💤Вот посмотрите что эти выблядки делали с мирными жителями. Судя по салатовым шортам это совсем не военный. Просто мирный житель. Как так можно было издеваться над человеком а потом просто зверски его убить. И после всего этого кто то считает что у этих падонков нет фашизма??? Мы уничтожим каждую фашисткую мразь, которая как раковая опухоль обвила Украину!**",Yes,A
90,1093357968,13666,"«Чисто автоматически я нажал на спусковой крючок»

**Боец 74-го отдельного разведывательного батальона ВСУ Алексей Томилин рассказал, как убивал и добивал мирных жителей.**

По его словам, жительница Мариуполя Галина Харитонова высказалась в поддержку России. Украинских бойцов не смутило, что она мирная жительница и без оружия — сослуживец Томилина выстрелил ей в затылок из пистолета, а после этого сам Томилин решил добить её, выстрелив в грудь.

«Ко мне подошла пожилая женщина, лет 70, с заявлением о том, что она уважает и гордится детьми Владимира Владимировича Путина. Находясь на посту, я услышал громкий разговор [сослуживца] Куриленко и, выходя из подъезда, услышал одиночный выстрел из пистолета. Выйдя из подъезда, я увидел, что Куриленко прячет пистолет марки ПМ себе за пояс, а в 2 м от него, с левой стороны, лежит женщина с пулевым ранением в голове.

Мы её отнесли, это метров 30. В этот момент женщина то ли выдохнула, то ли вдохнула — издала звук. И чисто автоматически я нажал на спусковой крючок, и произошёл выстрел в область грудной клетки».

@MilitaryCriminal",Yes,A
91,1283359437,42635,"С сегодняшнего дня временной столицей Херсонской области является г. Геническ на берегу Азовского моря.

Об этом сообщили в администрации региона.

@voenkorKotenok",No,
92,1093357968,10216,"Офисный Рэмбо из Казахстана, который с утра анонимно обещал убить всю мою семью и «месить» нас (видимо, русских) в Казахстане, после деанона записал пафосное обращение. В котором рассказал о своем отношении к специальной военной операции и моей роли в ней, но уже ни словом не обмолвился о том, что хотел делать утром - убивать и месить.

Дорогой Уали Аскарулы Бейскенов, 29.09.1993 гр, проживающий на пр. Туран в Нур-Султане. Ты, мелкий холуй в Программе развития ООН (UNDP) в Казахстане, слишком много о себе думаешь. Я не пытался тебя напугать, хотя ты испуганно тер переписку, поняв, что анонимность в интернете - это миф. 

Мне безразлично, что ты думаешь об СВО и о том, что должны думать мои дети и жена. Я на тебя внимание обратил только потому, что ты угрожал убить мою семью. Не я твою жену Жулдыс Акмалиденовну и сына Уали Торехана, дай Бог им здоровья и долгих лет жизни с таким-то папкой. А ты - мою. Покажи им свои сообщения мне (я сделал скрин для твоего удобства) - они будут тобой гордиться? 

@sashakots",Yes,C
93,1283359437,41049,"__**Геннадий Дубовой: Почему не берем их в плен
**
Геннадий Дубовой — военкор Новороссии, доброволец СВО — о  том, обстрелы везде, а тыла по факту уже нет: враг бьёт не только по столице ДНР, но и практически по всей территории Донбасса, чтоб вызвать панику и лишить нас тыла.

__@voenkorKotenok",Yes,D
94,1366346975,48524,"Мы все почему-то иронизируем по поводу слова ""скрепы"". Если разобраться, это хорошее слово, которое рассказывает о вещах, которые нас объединяют.

Вот возьмем пример США. Скрепы американского народа это:
 
1.Христианская протестантская этика.
2.Трудолюбие.
3.Предпринимательский дух.
4.Эффективность.
5.Уважение закона.

Ты мог быть дворянского рода или простолюдин, но это ровным счетом ничего не значило — покажи на что ты способен! Например, стоит дурак во главе какого-нибудь ведомства, но убрать его и поставить на его место умного коллегу нельзя — он не знатного рода. Или не партийный. Другие скрепы. 

Я уверен, что США начали шататься, так как то, на чём Америка стала великой уходит. Сейчас не важен предпринимательский дух — важно как ты относишься к ЛГБТ-сообществу, не важно трудолюбие — важно трансгендер ты или нет.

Какие наши скрепы?

Я пока знаю одну —Победа в Великой Отечественной войне. МИ-6, ЦРУ, СБУ и Моссад сделали всё, чтобы отвратить от неё максимальное количество людей, через принудительное абсурдное почитание и дурацкие фильмы. Эта скрепа должна была приготовить русских к новым испытаниям. Дать понимание, что ты не имеешь право не взять в руки оружие, если ты потомок победителя, когда твоя Родина будет проходит жесткие времена. Это должен был быть главным лейтмотивом каждого 9 мая. Сейчас, когда враг обстреливает Брянскую, Курскую, Белгородскую области военкоматы ломятся от добровольцев?
Ну, ладно, речь сейчас не о войне, а о том, что нас скрепляет. 

Что делает нас монолитом? Можете писать мысли в личку, но только в виде пунктов. 1...2...3... и т.д.",Yes,B
95,1247556894,4288,"🚇**На станції метро «Лісова» відкрили вестибюль №1 в напрямку «Чернігівської»

**✔️У повному обсязі функціонують станції «Дарниця» та «Видубичі».

❌Без зупинки поїзди слідують повз станції «Хрещатик», «Дніпро», «Гідропарк», «Майдан Незалежності». Також наразі не працює пересадочний вузол «Хрещатик»-«Майдан Незалежності».

✔️Інтервал руху поїздів у метро в пікові години становить 4-5 хвилин, у міжпіковий час – 8-10 хвилин.

❕Нагадуємо, що під час повітряної тривоги підземні станції метрополітену працюють як укриття.  Для використання підземних станцій як укриття необхідно пройти через турнікети ручного контролю біля контролера.",No,
96,1457892982,26834,"**❗️Сообщают о пролёте ракеты над Черниговом

**[Информатор](https://t.me/+LV7tr2_vgu02NjAy) | [Подписаться](https://t.me/+LV7tr2_vgu02NjAy)",No,
97,1283359437,43629,"На днях в сети глаз зацепило видео укронавтов, а точнее, выродков из чеченского мира — т.н. ичкерийцев, которые воюют за нацистский Киев против России. Эти выродки кичились тем, что завербовали в ислам украинского бойца, который, предав веру отцов, бодро под камеру прочитал шахаду.

С этим — беда, предают веру ни за понюшку табаку. Но такое происходит (в единичных случаях) и на нашей стороне. Нет-нет, но поступает информация, что иной русский в таких формированиях, как «Ахмат», например, принимает ислам. По некоторым данным, за отказ от Христа и переход в магометанство таких поощряют рублем. Сумма невелика по сравнению с иудиными серебренниками, но вполне достаточна для тех, кто меряет веру деньгами. Такой продаст и предаст за пятак.

Не агитирую и не призываю кару Небесную на головы тех, кто отступил и ушел в иную плоскость, отказавшись от Спасителя. И без меня есть Грозный Каратель, Судья неподкупный и справедливый, который воздаст каждому за дела его.

Отмечу лишь, что путь предателя — путь в пропасть, и, как правильно, предатель плохо заканчивает. Особенно тот, кто предает Христа.

@voenkorKotenok",No,
98,1351029634,70,"6. Путин утверждает, что основные столкновения России – не с регулярной украинской армией, а с отрядами неонацистов и бандеровцев, и вот от этого ушам, конечно, больнее всего. Ладно, что неонацисты выполняют приказания главнокомандующего-еврея. Ладно, что в числе тех, кто этому главнокомандующему предлагает помощь – премьер-министр Израиля.
 
Любой, кому люди еще нужны, кто общается со своими друзьями и родными в Украине, в курсе: обороняться там вышли примерно все.

В том числе те, для кого Бандера совсем не герой и кто каждое 9 мая встречает с той же горечью и теплотой, как это делают в Петербурге, Волгограде и Москве. Эти люди – граждане современной Украины, которые защищают свой дом. 
 
7. Не знаю, есть ли еще люди, которые имеют на Путина хоть какое-то влияние, но, допустим, есть. Не знаю, как они сейчас засыпают и просыпаются и что тренируют между пробуждением и сном. Но всем им – от Ротенбергов до Тимченко, от Чемезова до Грефа, от Абрамовича до Мордашова, от Кудрина до Эрнста – хочется напомнить одно: человеческое достоинство сейчас – не в Крымских мостах и не в победах в Лиге чемпионов. Достоинство – в том, чтобы высказать вашему начальнику свою позицию (а у многих из вас она много где совпадает с моей) и объяснить ему, что за катастрофа происходит прямо сейчас.
 
8. Финальное и главное: эта война должна быть немедленно закончена.",No,
99,1247556894,4624,"‼️**Міська влада закликає киян не наражати себе на небезпеку та безумовно дотримуватися комендантської години із 23:00 до 05:00

**🚨Комендантська година використовується правоохоронними органами, військовими, спеціальними підрозділами для проведення контрдиверсійних і антитерористичних заходів. Тож порушники наражають на небезпеку себе та інших містян. 

❗️Нагадуємо: заборонено перебувати на вулиці та в інших громадських місцях, переміщатися транспортом без перепустки або пішки. Також у комендантську годину слід дотримуватися режиму світломаскування. 

✔️Виходити можна тільки під час повітряної тривоги – щоб дійти до найближчого укриття. Обов’язково слід мати при собі документи, що посвідчують особу.

❗️Нехтуючи простими речами, ви наражаєте на небезпеку себе та інших. А також створюєте конфліктні ситуації із силами безпеки та оборони міста, що може відволікати їх від виконання важливих завдань.

🙏🏻Будь ласка, будьте свідомими та бережіть себе. Разом переможемо!

▫️▫️▫️

‼️**The city authorities urge Kyivans to remain vigilant and abide by curfew hours from 23:00 to 5:00

**🚨Curfew is used by law enforcement, military, and security forces to perform counter-diversion and anti-terrorist operations. Those who violate curfew are endangering themselves and their fellow citizens.  

❗️Please remember that it's strictly forbidden to be in the streets or public places and move around the city on foot or in any vehicle. During curfew, blackout discipline must be observed.  

✔️One can only leave their homes to head to the nearest shelter if air raid sirens go off. It's imperative to have your identity documents with you.

❗️Disregarding simple rules leads to conflicts and misunderstanding with law enforcement and territorial defense units, distracting them from carrying out important tasks.

🙏🏻Please remain vigilant and stay safe. Together we will win!",No,
100,1511148555,8434,"**🤣****отличная песня и видеоряд****🤣**
**🔥****хохол, ты не нужен своей стране****🔥**
**‼️****подними руки! Сдайся и возможно продолжишь жить****‼️**",No,
101,1498939244,30694,"Братцы, сёстры, друзья! Не останавливаемся, распределяем коптеры среди подразделений! Спецназ группы ""О"" передаёт всем привет и большое спасибо! 

Работаем💪",No,
102,1457892982,23816,"**⚡️Из-за **[**обстрела**](https://t.me/c/1457892982/23783)** частного сектора в Синельниковском районе Днепропетровской области погиб ребёнок 11 лет, — Кирилл Тимошенко

**[Информатор](https://t.me/+LV7tr2_vgu02NjAy) | [Подписаться](https://t.me/+LV7tr2_vgu02NjAy)",Yes,A
103,1080134301,16414,"В Одессе🇺🇦 всё стабильно, там чайки обнесли очередного синяка, пока он спал",No,
104,1469021333,11617,Кільком десяткам орків більше не знадобиться нічник😁,No,
105,1109403194,33187,"Видео с трофейного беспилотника, на котором зафиксирован оператор. Так украинцы наблюдали за происходящем в Красном Лимане с безопасного расстояния.

@sashakots",No,
106,1283359437,39067,"**Сводка МО РФ от 7 августа 2022 г. Главное:

**- Нанесен удар по временному пункту дислокации подразделений 72-й механизированной бригады ВСУ в Артемовске - уничтожено до 130 боевиков;
- В Дзержинске поражен временный пункт дислокации гаубичной батареи 95-й отдельной десантно-штурмовой бригады ВСУ;
- В Харькове на территории ТЭЦ-3 и Карповского сада ликвидировано более 100 боевиков;
- Оперативно-тактической и армейской авиацией, ракетными войсками и артиллерией поражены 176 объектов;
- В районе н.п. Часов Яр (ДНР) уничтожена пусковая установка зенитного ракетного комплекса «Бук-М1»;
- В районе Вознесенска Николаевской области поражен арсенал с 45 тыс. тонн боеприпасов;
- В рамках контрбатарейной борьбы подавлены четыре взвода РСЗО «Град» и три артиллерийских взвода;
- Сбиты восемь украинских БПЛА.

@voenkorKotenok",No,
107,1109403194,37399,"**Друзья, мы запускаем сервис «СВОя доставка»**: https://t.me/SVO_mail/3

Мы будем возить солдатские посылки в зону СВО. Уже есть помещение в Копанях. В планах в Скадовске и Каланчаке. После Геническ и  Мелитополь. Пока всё упирается в проверенные кадры.

**Кто меня читает давно, помнит, что мы с марта возим в зону СВО гуманитарную помощь и передаём посылки для наших парней. Наверное, пришло время переводить это в официальную плоскость. Тем более, сейчас родные мобилизованных мечутся, не зная, как передать посылки и письма своим близким на передовой.  

**Если мыслить глобально, на длинную дистанцию, я хочу из этого проекта увидеть возможность помощи ветеранам СВО, о которой [я писал ранее](https://t.me/RSaponkov/4034).

Например, чтобы ветеран СВО мог купить свой грузовой автомобиль и иметь гарантированную работу. Ну или продажа франшизы на те же перевозки и перечисление дохода в фонд помощи ветеранам СВО.  Но это пока контуры.

На короткой дистанции в планах помочь моим друзьям, которые поверили в русский мир в Херсоне, работали с нами и остались ни с чем. Именно эти люди будут работать в «СВОей доставке» на первом этапе.  Так же в планах другие направления бизнеса, направленного на поддержку ветеранов. Если взлетит с доставкой, буду двигаться дальше.  

**__Доставка будет стоить денег, но мы постараемся, чтобы несмотря на боевые действия, границы и блок-посты, посылка приходила на фронт по цене обычного сборного груза внутри России.__**",No,
108,1457892982,23901,"**Петушилин и реакция на маленькую ""бавовну""

**— Испугались?
— Обосрался.

[Информатор](https://t.me/+LV7tr2_vgu02NjAy) | [Подписаться](https://t.me/+LV7tr2_vgu02NjAy)",No,
109,1469021333,9691,🇹🇷**Туреччина застосовує конвенцію Монтре і закриває Босфор для військових суден**,No,
110,1511148555,14559,**От перемоги до зрады**,No,
111,1080134301,17796,"Держите свои шишки, пацаны!

Работяга из Украины бросил свою старую жизнь, перебрался в Нидерланды и стал... бабой с хуем трапом по имени Джулия Харденберг.

Изи вариант не получить повестку, запоминайте",No,
112,1469021333,11693,"🐔**В окупованому Херсоні рашистські підстилки знищили меморіал, де були портрети українських бійців та Небесної сотні

**Такі випадки показують які ми придурки, коли приймали закон про декомунізацію в тій редакції, яка є.

Московити знищують будь-яку пам'ять про наші втрати, незалежно від політичних поглядів.

Якщо після війни не буде прийнято нормальний закон який передбачатиме демонтаж мемеріальних пам'яток чужим арміям, разом з могилами не українських бійців, то це говоритиме про чергову хвилю національної імпотенції.

На останній світлині скріншот з Луганщини, там знищують меморіали нашим бійцям.",No,
113,1080134301,19315,Воспитание в детских садах Стерлитамака,No,
114,1511148555,11813,"**От подписчика
**🇺🇦🇩🇪Вот такие листовки распространяли украинские бешенцы   в немецком городе, где последующем был сожжен дом, в котором они жили

__Это называется, где живут, там и срут__",No,
115,1080134301,16714,Обычный кот с Украины 😁,No,
116,1080134301,16199,Немножко утренней гимнастики из Одессы😄🇺🇦,No,
117,1536211233,597,"First foreign volunteers are in Ukraine 🇺🇦 

Первые иностранные добровольцы в Украине 🇺🇦",No,
118,1283359437,39721,"**__Военный эксперт Борис Рожин о попытках ВСУ перейти в контрнаступление 29 августа 2022 г., специально для канала Vоенкор Котенок Z __****__@voenkorKotenok__****__:

__**1) В районе Благодатного, Снигирёвки, Высокополья и Давыдова Брода противнику существенных успехов добиться не удалось, несмотря на понесенные потери.

В районе поселка Сухой Ставок противник смог продвинуться с плацдарма у Андреевки и сейчас  пытается закрепиться в поселке, чтобы попробовать охватить позиции ВС РФ у Давыдова Брода.

2) Противник продолжает активно наносить удары по Бериславу, Новой Каховке, в районе Херсона. Уничтожен, как минимум, 1 склад боеприпасов и повреждена баржа, использовавшаяся для переправы через Днепр. 
ВС РФ наносят удары на криворожском и никопольском направлениях. 

По данным МО РФ, противник в ходе сегодняшних боев потерял около 50 единиц тяжелой и легкой бронетехники, 2 штурмовика, более 560 в/с убитыми. 

3) На фоне обстрелов Берислава и переправы через Днепр противник пытается усилить нажим на р. Ингулец для  продвижения к Бериславу. Несмотря на то, что на большинстве участков наступление ВСУ закончилось неудачно, пока не разрешился очередной кризис на Ингульце, рано говорить, что наступление полностью провалилось.

@voenkorKotenok",Yes,A
119,1109403194,32875,"Кстати, совпадение ли, «Азовсталь» взяли в третью годовщину инаугурации клоуна Зеленского

Вот и скажите, что Шойгу не умеет в троллинг😂

@MakarenkoLive",No,
120,1144404150,12330,"**🇷🇺🇺🇦 В Минобороны России опубликовали кадры высадки тактического десанта подразделений Воздушно-десантных войск и взятие под контроль одного из аэродромов на территории Украины. 

**Передовые подразделения Воздушно-десантных войск осуществили высадку десанта с вертолетов посадочным способом, организовали круговую оборону вокруг аэродрома и обеспечили прием основных сил десанта. 

На видео показаны действия подразделения ВДВ, а также вооружение десантников, которое кроме стрелкового вооружения включает противотанковые управляемые комплексы и минометы. 
#Россия #Украина
@rybar

__*Поддержать нас: 4377 7278 0407 7977__",No,
121,1283359437,41735,"Серия ударов по целям в Киеве, Одессе, Сумской и Днепропетровской областях. По Киеву массово отработали беспилотники. Поражено здание ""Укрэнерго"" и район ж/д вокзала.

@voenkorKotenok",No,
122,1080134301,17896,"🚀🇷🇺**Доброе утро, мы из России

**Кадры боевой работы расчетов самоходных реактивных систем залпового огня «Град»",No,
123,1511148555,14069,"Твиттер базовый. Илон Маск выпилил возможность регать аккаунты в твиттере с украинских номеров телефона, а также убрал из трендов и рекомендаций посты которые связаны с войной и Украиной😊

Теперь хохлы и еврокуколды визжат и просят вернуть всё обратно.. Ну теперь точно в миротворец запишут, и никакие старлинки не помогут!🤣


**💤Бля вот это ЗРАДА 😂😂😂😂
Свиней за воротник заткнули потому что в интернете пишут чистейший пиздёж и выплескивают агрессию на всех у кого иное мнение. По этому свинособакам удалили нахуй +380 😂😂😂😂**",No,
124,1144404150,13091,"🇷🇺🇺🇦 Расширенный репортаж журналиста китайского телеканала CGTN-Русский Дмитрия Маслака из охваченного боями Мариуполя.

@warjournaltg",No,
125,1283359437,42908,"Голландский военный ресурс Oryx сообщает, что Анкара поставила Киеву системы РЭБ и управляемые реактивные системы залпового огня TRLG-230, которые могут работать в связке с ""Байрактарами"". 

Данные РСЗО были отправлены на Украину еще летом, но до сих пор не фигурировали на каких-либо роликах или фотографиях. Кроме того, ожидается поставка ракет «воздух-воздух» с инфракрасной головкой самонаведения для ""Байрактаров"".

@voenkorKotenok",No,
126,1144404150,15002,"❗️Кадры сдачи в плен украинских военных с территории Азовстали в Мариуполе.

На ютуб-канале британского таблоида The Sun видео стыдливо именуется как «эвакуация раненых украинских военных в **украинский Новоазовск**».

@warjournaltg",Yes,D
127,1498939244,31021,В Харькове и области перебои с электричеством.,No,
128,1457892982,28130,"⚡️**ВСУ контролируют все мосты через Днепр в Херсоне, россияне не смогут покинуть город в случае уличных боев — Резников

**""Не совсем верю в то, что россияне будут иметь возможность вести уличные бои. Мы контролируем все мосты на реке Днепр, используя HIMARS и другую артиллерию. И для них рискованно оставаться в Херсоне, потому что они потом не смогут сбежать, как это сделали в Изюме"", - сказал Резников в интервью Fox News. 

Русня, пакетами запаслись?

[Информатор](https://t.me/+LV7tr2_vgu02NjAy) | [Подписаться](https://t.me/+LV7tr2_vgu02NjAy)",No,
129,1498939244,31610,"Этим утром по Донецку было выпущено как минимум 10 снарядов калибра 155-мм, сообщил мэр города Кулемзин",No,
130,1093357968,10803,"Друзья, ну я понимаю украинские СМИ кормят говном свою аудиторию, рассказывая, что мы с @epoddubny навели хохлов на «Тюльпан» своими репортажами.  У них и на «Азовстали» эвакуация через спецоперацию. 

Но давайте соблюдать информационную гигиену и мимо таких эпистолярных дефекаций проходить, брезгливо прикрыв нос. 

Во-первых, на кадрах совершенно другая позиция. Во-вторых, с той позиции, которую снимали мы, «Тюльпан» уехал быстрее нас. Это оговаривалось заранее. 

Еще позабавил опус о том, что мы уничтожаем мосты, чтобы остановить продвижение ВСУ. Ага, в данном кокоетном случае - чтобы остановить их продвижение в свой тыл) 

@sashakots",No,
131,1536211233,344,https://youtu.be/wxrCVUnhWsw,No,
132,1457892982,29482,"**""Я не обвиняю русских, думаешь, мне война с Россией нужна?""**, **— президент Польши Дуда попался на уловку российских пранкеров, выдавших себя за Эманюэля Макрона

Разговор был о ракете, упавшей в Пшеводуве. **В канцелярии польского президента позже подтвердили, что это правда, и уже начато расследование, как это стало возможно.

[Информатор](https://t.me/+LV7tr2_vgu02NjAy) | [Подписаться](https://t.me/+LV7tr2_vgu02NjAy)",No,
133,1498939244,33218,"**Байден и Си Цзиньпин проводят на Бали свою первую встречу как лидеры своих стран. **

Си Цзиньпин заявил Байдену о необходимости работать со всеми странами, чтобы принести надежду на мир и уверенность в глобальной стабильности.

Он сказал, что готов провести честные переговоры по стратегическим двусторонним вопросам, обсудить региональную и глобальную ситуацию.

А Байден заявил, что они с Си несут ответственность, чтобы показать, что США и Китай могут преодолеть разногласия и не допустить, чтобы конкуренция переросла в конфликт.

По его словам, мир ожидает, что США и Китай сыграют ключевую роль в решении глобальных проблем.",Yes,C
134,1283359437,38769,"Наглядное видео, как выглядит взрыв ""лепестков"", которые ВСУ разбрасывают над Донецком. Осторожно, ненормативная лексика.

@voenkorKotenok",No,
135,1144404150,19262,"**СБУ ""напомнила**"" **комбригу 14 омбр ВСУ  о его элитной недвижимости в Крыму 

**Как мы неоднократно [писали](https://t.me/dillfrash/10095), в настоящее время комбриг 14 омбр ВСУ Охрименко находится под следствием СБУ.

Тот факт, что он работал на российские спецслужбы и попытался их кинуть, в итоге признали даже в Донецке. 

Телеграм-канал ""[Джокер ДНР](https://t.me/JokerDPR/245)"" подтвердил нашу информацию о получении русскими хакерами доступа к данным командования ВСУ именно через Охрименко.

Сегодня же наши подписчики из 14 омбр сообщают, что до солдат бригады довели информацию о приобретении Охрименко при странных обстоятельствах элитной недвижимости в Крыму, а также неоднократных случаях незаконного пересечения Охрименко границы с полуостровом.

Данная информация обнародована контрразведкой СБУ, так как офицеры  бригады уверены в том, что задержание Охрименко связано с его конфликтом с Сырским (командующий СВ ВСУ) и напротив дружескими отношениями с Залужным.

Российским властям, в свою очередь, рекомендуем национализировать собственность продажного комбрига (на фото).",Yes,D
136,1093357968,12576,"Прямо сейчас в бессмертие идёт 144 мсд. То, что делали и  делают  488 мсп, 254 мсп, 59 тп, 99 сап, будет записано огненными буквами на страницах славной военной истории России. Когда-нибудь после победы вспомните про славных смоленских и брянских парней, они это заслужили. 

Горжусь дружбой с ними, горжусь тем, что делил и буду делить с этими парнями сухпай и рюмку. Горжусь тем, что под огнём мы шутили и будем шутить. 

Хохол прет ордами на Оскольском фронте невзирая на потери. Его техника горит, трупы устилают населённые пункты и лесопосадки. «Тонкая красная линия» из русских гвардейцев сдерживает его наступ, удобряя и так плодородный чернозём Слобожанщины солдатами ВСУ. 

Скоро, уже очень скоро подойдут вновь сформированные части и подразделения, враг  будет разбит, унижен и уничтожен. Ну а пока именно они, ведущие непрерывные бои уже на протяжении 7 месяцев против превосходящего противника, хранят Россию.",No,
137,1093357968,9794,"🇺🇸🇺🇦 **Гражданин США Цезарь Квинтана погиб в Мариуполе, пытаясь найти своего сына.

**Подписчики прислали ссылку на [репортаж Андрея Руденко](https://t.me/RtrDonetsk/4774), где боец ВС ДНР ""Керчь"" демонстрирует паспорт американского гражданина Цезаря Квинтана (Cesar Quintana), погибшего в Мариуполе при невыясненных обстоятельствах и захороненного на указанном бойцом участке кладбища в поселке Моряков.

В ролике утверждается, что Квинтана  участвовал в боевых действиях на стороне украинской армии.
Но так ли всё, на самом деле?

Цезарь Квинтана был женат на гражданке Украины Антонине Аслановой. Супруги разошлись, и в 2020 году Антонина увезла сына на Украину, 
Цезарь пытался вернуть сына и даже сделал сайт ""[Верните Александра домой](https://bringalexanderhome.com/)"", на котором собирал документы по делу и подписи под [петицией](https://www.change.org/p/demand-for-ambassador-kvien-to-request-the-ukrainian-minister-of-justice-return-alexander?utm_content=cl_sharecopy_32480674_en-US%3A3&recruiter=620855063&utm_source=share_petition&utm_medium=copylink&utm_campaign=tap_basic_share) о возврате ребенка. 

Когда на Украине начались боевые действия, Цезарь отправился в Мариуполь спасать своего сына, где и погиб. Он не был военным и вряд ли принимал участие в боевых действиях на стороне украинской армии. Скорее всего, он разделил судьбу многих тысяч мирных жителей Мариуполя, став жертвой войны.

Мы соболезнуем родственникам Цезаря Квинтана. Не всякий гражданин иностранного государства, погибший в Мариуполе, являлся наемником и воевал на стороне ВСУ.  

#США #Украина
@rybar",Yes,C
138,1247556894,4776,"**Київ: важливе на сьогодні** 🔵🟡

👩‍⚕️Вимушені переселенці у столиці отримують необхідну медичну допомогу безкоштовно та безвідмовно.

👷‍♂️Триває ремонт вулиці Шовковичної. Дорожники оновлюють бруківку на ділянці від вулиці Дарвіна до вулиці Басейної. 

🦙У столичному зоопарку поповнення у родині альпак. 

👩‍🚒Для містян провели безпекові тренінги за участю рятувальників, саперів, медиків та психологів.

**Детальніше:** https://bit.ly/3zX8gZV

**Kyiv: important news** 🔵🟡

👩‍⚕️ Internally displaced persons receive the necessary medical care for free and upon request.

👷‍♂️ The renovation of Shovkovychna Street in Kyiv is underway. Road workers are renewing the cobblestone from Darwin Street to Baseina Street. 

🦙 Kyiv Zoo has a new addition to the alpacas family. 

👩‍🚒Rescue workers, sappers, medics, and psychologists have held security training for Kyivans.

**More details:** https://bit.ly/3zX8gZV",No,
139,1283359437,37846,"Международное право мертво. Этот факт может оспорить только абсолютно упоротый сторонник либеральной демократии. СВО России по денацификации Украины подхлестнула все тенденции распада, которые до нее шли тихой сапой на протяжении 30-ти лет. Все ужимки и «благородные» речи байденов, шольцей, макронов и прочих «бербоксиков» не в состоянии скрыть объективной реальности.

Поэтапное расширение НАТО на восток - правовой беспредел. С этого и завязался узел «украинского кризиса». Спецоперация РФ - ответ на поползновения НАТО и возникновения у границ нацистского государства, убивающего русских во имя пресловутой «свободы» и вступления в ЕС.

Поступок Литвы, перекрывшей транзит жизненно важных грузов с территории России на территорию России же (в Калининград), показал окончательно, что международное право сдохло, а от богини Фемиды остались лишь «рожки и ножки». 

Иллюзии должны исчезнуть. Мир радикально изменился и работают только краткосрочные договоренности, но только подкрепленные военной силой.

@voenkorKotenok",No,
140,1366346975,51513,"**ТАНКИСТ Женя «Сухой»

**Истории парней, которые никогда в жизни не собирались воевать меня всегда увлекают. Из таких мужиков часто получаются стальные люди. Командир танковой роты из Житомира. Все его знакомые из детства на другой стороне: в «Азове», «Айдаре», в ВСУ. А Сухой выбрал светлую сторону. Посмотрите. 

Танкист - один из участников битвы за Пески. 

Пески НАШИ. 

Источник: [@epoddubny](https://t.me/epoddubny/11936)",No,
141,1080134301,15073,"💥 **Боевая работа расчетов РСЗО «Ураган» в ходе специальной военной операции  

**◽️ Артиллеристы выполнили огневую задачу по уничтожению живой силы и укреплённых позиций ВСУ.

220-мм реактивная система залпового огня «Ураган» позволяет гарантировано уничтожать одиночные и групповые цели на расстоянии до 40 км.",No,
142,1536211233,550,"Everything looks like Russian authorities decided to block Twitter too

Все выглядит так, что российские власти решили заблокировать и Twitter тоже",No,
143,1144404150,11640,"Кадыров: Заявляю официально, что самые горячие точки в Украине будут занимать именно чеченские бойцы, бойцы, которые служат на пути Ахмата-Хаджи Кадырова. Если вы действительно хотите встретиться с нами, то приглашаем с удовольствием встретить нас там.",No,
144,1498939244,29353,"Генсек НАТО: «Мы не ищем конфликта с Россией, наши страны-члены не являются стороной конфликта на Украине, но своих членов мы готовы защищать».

Риторика как в феврале месяце. Вот что бывает, когда вместо пустых угроз идут реальные действия.",No,
145,1366346975,49318,"**Беженцы из Одессы и Николаева, прибывающие в Херсонскую область, не могли получить гражданство РФ — после цифровизации управления вопрос решили за несколько дней

**Первый зампред Комиссии по СМИ ОП РФ Александр Малькевич [рассказал](https://t.me/alexandr_malkevich/9181), что сразу после того, как Владимир Путин подписал указ об упрощенной выдаче российских паспортов украинцам, возникли сложности. На территории Херсонской области, в которую люди приезжали из Одессы и Николаева, беженцы из пока подконтрольных Киеву областей не могли получить документы в том же порядке, что и жители с пропиской в Херсоне.

Дело в том, что в тот момент в отношении них не было соответствующего законодательства и указов. Но в Херсоне сейчас проходит цифровизация управления и работают структуры, которые налаживают обратную связь между жителями и органами власти, в том числе и в соцсетях. Именно оттуда и стало известно, что существует такая проблема.

В итоге все разрешилось благополучно: обращения граждан заметили, и администрация освобожденного региона взяла вопрос на контроль. Проблему решили буквально за несколько дней — теперь все украинцы, которые волей судьбы оказались в Херсонской области, могут получить гражданство во всех паспортно-визовых пунктах.",No,
146,1469021333,10331,"🤬Ворог скинув снаряд на будинок в селі Забуччя, Київська область",No,
147,1109403194,35430,"**По теракту в Белгороде,**
в результате которого город остался без света и воды.

Если у кого вдруг были иллюзии, что Киев будет бить только по военным объектам на территории России, рекомендую посмотреть на Донбасс, Херсон и Энергодар.

А также прочитать статью Залужного, в которой он **террор мирного населения России приводит как одну из важнейших задач. 
**
«Реальный центр притяжения России в этой войне заключается в ее ""удаленном"" – в понимании большинства россиян – характере. Благодаря этому удалению граждане РФ не столь болезненно воспринимают потери, неудачи, а главное – стоимость этой войны во всех ее пониманиях. Убедительным примером правильности такого подхода в текущем году успешные усилия ВС Украины по физическому переносу боевых действий на временно оккупированную территорию АР Крым. 

Задача ВС Украины на 2023 год - **сделать для россиян и других оккупированных территорий эти ощущения более острыми, естественными и вполне ощутимыми, несмотря на значительное расстояние до целей».

****@sashakots**",No,
148,1511148555,8506,"**💤**🔥**НУ ЧЕ ХОХЛОПИДАРАСЫ, ГОТОВЫ К БЭКАУТУ?**☠️🤣🤣🤣",No,
149,1457892982,25536,"**Тем временем в Украине выпал первый снег**. Правда пока только в Карпатах. 

[Информатор](https://t.me/+LV7tr2_vgu02NjAy) | [Подписаться](https://t.me/+LV7tr2_vgu02NjAy)",No,
150,1469021333,10576,Недоїхав,No,
151,1498939244,33834,"«Ланцеты» накрыли 2 украинские БМП, укрытые в городской застройке Угледара",No,
152,1144404150,11679,"⚡️⚡️⚡️**Выведена из строя насосная станция, города ДНР останутся без воды **— глава МЧС ДНР

[**Inside⚒Donetsk**](https://t.me/doninside)",No,
153,1457892982,29186,"**⚡️Министр обороны Латвии тоже подтвердил падение российских ракет в Польше

**В то же время Пентагон пока инфу не подтверждает, но и не опровергает.

[Информатор](https://t.me/+LV7tr2_vgu02NjAy) | [Подписаться](https://t.me/+LV7tr2_vgu02NjAy)",No,
154,1511148555,13552,😂😂😂😂,No,
155,1366346975,49026,"[​](https://telegra.ph/file/fed7ae2e70fac97f55272.jpg)**Загадочная гибель Вадатурского **🫣

В ночь на 31 июля мощный взрыв прогремел в особняке 15-го в списке богатейших людей Украины Алексея Вадатурского. Сам #Вадатурский, а также его жена Раиса, погибли. По официальной версии украинской стороны, взрыв стал результатом попадания в дом российской ракеты. Примечательно, что взрыв прогремел именно в том крыле особняка, где располагалась спальня Вадатурских. То есть **это не какое-то случайное событие — произошло именно то, что и должно было произойти.**

Следует понимать, что Вадатурский был владельцем одной из крупнейших в Украине зерновых корпораций «Нибулон», имевшей, кстати, актуальные контракты на поставку украинского зерна во многие страны. А погиб он буквально накануне начала поставок украинского зерна за рубеж.

Я уже ранее освещала [тему схематоза Зеленского](https://t.me/montyan2/1432) с вывозом украинского зерна. Экспортировать зерно имеют право лишь несколько особо приближенных к Зеленскому и его камарилье зернотрейдеров. Все остальные аграрии должны продавать им зерно по ценам в 2—3 раза ниже рыночных, что с нынешними ценами на топливо и удобрения ставит их на грань разорения. Угадайте, зачем #Зелебобус вздумал разорять агропроизводителей в канун открытия рынка земли для юрлиц и возможностью ее заложить под кредит в иностранных банках? 😉

Компания Вадатурского «Нибулон» является крупнейшим зернотрейдером Украины с многомиллионными контрактами на поставки зерна по всему миру и едва ли не самой огромной сетью элеваторов, а также своим крупным зерновым терминалом в Николаевком морском порту. То есть переступить через этого упертого и вредного деда, без раздумий вступавшего в зарубу с властью, было довольно сложно. **Конфликт с Зеленским и его окружением у Вадатурского действительно был,** и лично ему в 2020 году публично угрожали два обдолбыша Зеленского — Коля «Котлета» Тищенко и Игорь Негулевский. Конфликт был как раз связан с попыткой Зеленского лишить Вадатурского возможности перевозить зерно по Днепру, на чем, собственно говоря, и основывалась значительная часть его бизнес-империи. Зеленский даже протянул закон «О внутреннем водном транспорте», но за два года из-за тупости своих назначенцев так и не смог реализовать заложенные там механизмы. Так что да, Вадатурский с Зеленским взаимно друг друга не любили. Но не любили Вадатурского и за пределами Украины, с какого-то перепугу определив его в нацисты и назвав кошельком Порошенко, что является полным бредом. 🤯

В общем, в нормальной ситуации было бы правильно задаться вопросом, кому конкретно (в Украине или за ее пределами) помешал Алексей Вадатурский, и выяснить, что конкретно прилетело в его спальню — и откуда. **Но вряд ли кто-то будет разбираться в обстоятельствах гибели Вадатурского: война все спишет.** 🤐

★ [Канал #МОНТЯН!](https://t.me/+KZ9Qi833lHFhNjJi)
­",Yes,A
156,1366346975,55934,"❗️🇷🇺🇺🇦 **Обстановка на Славянско-Барвенковском направлении 
**__к 14:00 8 сентября 2022 года

__На фоне наступления ВСУ в районе **Балаклеи** с целью окружения российской группировки под **Славянском** украинское командование также концентрирует силы к югу **Изюма** с целью удара по силам ВС РФ на участке с юга.

**▪️**В районе населенных пунктов **Долина** и **Краснополье** замечены скопления живой силы и техники противника с целью возможного удара в направлении **Каменки** к юга от **Изюма.

**▪️В лесах к югу от **Лимана** действуют перебравшись через __Северский Донец__ украинские ДРГ. Бойцы спокойно заходят в населенные пункты **Брусовка, Озерное** и **Старый Караван:** они находятся в «серой зоне», российские подразделения в них отсутствуют. К **Райгородку** и окрестностям также переброшены понтонно-мостовые парки для наведения переправы.

▪️В районе **Сулиговки** подразделения ВС РФ зачистили от ВСУ лесные посадки к югу от населенного пункта. Расположенное рядом **Дибровное** находится под ВСУ.

▪️Украинское командование предприняло атаку на **Копанки** силами до 100 человек при поддержке танков, БТР и БМП. Ее цель — взять высоты на подступах к населенному пункту для дальнейшего развития наступления в сторону **Малой Камышевахи.

**🔻Замысел ВСУ — оказать давление на российскую группировку под **Славянском** и сковать силы на фоне наступления в районе **Балаклеи,** лишив ВС РФ возможности перебрасывать подкрепления на наиболее опасные участки к северу от **Изюма.

**[**Карта в большом разрешении

**](https://i.ibb.co/xzB9Nng/08-09-ru-1.jpg)@rybar",No,
157,1093357968,10471,"Владимир Путин и Артём Жога, отец Владимира Жоги",No,
158,1109403194,33325,"Противокарабельные мины, установленные украинскими военными в прибрежных водах Одессы, продолжают представлять угрозу мирным жителям и морскому судоходству, в том числе судам, задействованным в вывозе зерна из Незалежной.

Не преувеличение, что из Одессы и области ежедневно приходят новости о морских минах, которые сорваются с минрепов и бесконтрольно дрейфуют в прибрежных водах или прибиваются на местные пляжи.

На видео момент подрыва одного из таких боеприпасов сегодня утром.

(Новость от подписчика)

@sashakots",No,
159,1457892982,27921,"**❗️Группа ракет 6-8 штук пересекли границу в районе Сум, идут в направлении Киева

**[Информатор](https://t.me/+LV7tr2_vgu02NjAy) | [Подписаться](https://t.me/+LV7tr2_vgu02NjAy)",No,
160,1283359437,37374,"Наша арта начала активно отвечать по ублюдкам. Лучше поздно, чем никогда.

@NeoficialniyBeZsonoV",No,
161,1366346975,58235,"Эксклюзивные кадры @rtbalkan_ru с митинга против произвола приштинских властей, который проходит в Косовской Митровице. 

На улицы города вышли сотни женщин с детьми. Акция проходит под лозунгом «Матери Космета против Куртиева гетто».

[Подписывайтесь — RT на Балканах](https://t.me/rtbalkan_ru)",No,
162,1093357968,8993,"⚡️В Волновахе, в разрушенной фашистами школьной библиотеке, на глаза попались два учебника «Захист Витчизни». Эти учебники смахивают на наше ОБЖ, но как только начинаешь вчитываться, то тут же приходишь в ужас!!

⛔️ В учебниках для школьников 11го класса, нас признают врагами, агрессорами и оккупантами. Под фото, как СБУ задерживает жителей Донбасса, пишут, что это террористы, действующие по указанию российских кураторов. 
🪖 В «учебниках» детей учат боевым порядкам и тактическим схемам НАТО и рассказывают как оказывать помощь при пулевых ранениях. 
🇺🇸 Эти учебные пособия подготовлены на базе различных методичек НАТО и США. Об этом честно написано в списке литературы.
🤯 В рамках школьной программы Украина милитаризует несовершеннолетних, вкладывая им ложные идеалы в головы, готовит к войне.

‼️ Посмотрите внимательно фото страниц, ведь они дают ответ на один из самых важных вопросов «Почему?»!!",Yes,A
163,1144404150,12276,"⚡️**Минобороны России**: 

🔻Группировка войск ЛНР, продолжая наступательные действия, взяла под контроль населенные пункты **Тошковка** и** Грачево**. Продвижение составило 2 километра.

🔻Подразделения Народной милиции ДНР в ходе наступательных действий продвинулись на 4 километра и овладели населенными пунктами **Сигнальное, Тарамчук, Еленов** и **Трудовое**.

🔻Подразделения российских Вооруженных Сил взяли под контроль населенные пункты **Красная Поляна** и **Степное**.

@warjournaltg",No,
164,1109403194,32860,"Немного техники встретили на дорогах Донбасса, так, «надцать километров», говорят едут на помощь, бить нациков.",No,
165,1498939244,35413,Вечерний Владлен. 10.12.2022г,No,
166,1511148555,9422,"Пункт мобилизации в ближайшие дни развернут на границе с Казахстаном в Астраханской области, где образовалась многокилометровая пробка

💤Ща пидоры с границы на фронт сразу пойдут 😂",No,
167,1511148555,9969,"**Весьма любопытный некролог из Волыньского региона пришел к нам.
6 октября к Бандере отправился старший сержант Евгений Ворошик — командир отделения взвода БПЛА батареи управления и артиллерийской разведки.
**__Видимо, наши удачно утилизировали пункт управления БПЛА__",No,
168,1080134301,20534,This channel can’t be displayed because it was used to spread pornographic content.,No,
169,1457892982,30444,"**Умер сын? Держите тортик**🤦🏻‍♂️

Чиновники пришли в гости к матерям и женам погибших российских солдат, чтобы ""почтить их память"", **вручили цветы и торт, видимо, чтобы подсластить потерю. ""**Гости"" так уважетильно отнеслись к мероприятию, что даже шапки в помещении не сняли.

Зато сюжет сняли, вата растрогается.

[Информатор](https://t.me/+LV7tr2_vgu02NjAy) | [Подписаться](https://t.me/+LV7tr2_vgu02NjAy)",Yes,A
170,1469021333,14948,"👨‍💻**Продовжуємо рубрику **[-](https://deepstatemap.live/)** щоденник авторів. Тут ми будемо писати про зміни у функціоналі карти та супутні оголошення

**🗄Додано функціонал ""Симуляція застосування ядерної зброї"". Обираєте зліва іконку, ставите точку і вводите кілотонни. Також додано рекомендації МОЗ і даний функціонал буде ще покращуватися.
🗄Готуємо реліз фронтової стіни на 24 грудня.
🗄Готуємо нічну тему для сайту.

Чекаємо ваших відгуків.",No,
171,1093357968,8554,"⚡️Мариупольский котёл⚡️Обстановка на утро 08.03.22⚡️

Бои в микрорайонах Восточный и Мирный, продвижение группы войск ДНР в Мариуполе продолжается. Все подробности в специальном включении проекта @wargonzo из фронтового Донбасса. 


@wargonzo

__*наш проект существует на средства подписчиков, карта для помощи __
4276 3801 4149 1378",No,
172,1129015804,13925,"Сирийские СМИ сообщили о подготовке боевиков Исламского государства к нападению на тюрьму и освобождению заключенных. Целью джихадистов должно стать пенитенциарное учреждение ""Сирийских демократических сил"" в г. Ракка. Для осуществления задуманного террористы привезли с подконтрольных протурецким группировкам территорий начиненную взрывчаткой машину. В центральной тюрьме уже почти неделю действует режим повышенной готовности.

На фоне этих сообщений в городе наблюдается усиление мер безопасности. Подразделения арабо-курдских сил ""Асаиш"" проверяют близлежащие к тюрьме дома, магазины и улицы в поисках схронов с вооружением для боевиков ИГ. Также в г. Ракка стянуты дополнительные силы и установлены блокпосты из-за опасений возможного теракта.

Арабо-курдская администрация опровергает распространяемую прессой информацию.

Напомним, что по аналогичному сценарию готовилось [нападение](https://t.me/directorate4/11589) на тюрьму в сирийской провинции Эль-Хасака. Тогда сорвать планы ИГ не помогло даже [задержание](https://t.me/directorate4/11491) одной из групп исполнителей.",Yes,D
173,1080134301,17258,"Тем временем в Украине военные мнут пюре гранатой.

Не то чтобы по вкусу вкусно, ну по сути вкусно👌",No,
174,1536211233,128,⚡️⚡️⚡️ **RUSSIA PLANT TO USE TWO UKRAINIAN MRAPs “KOZAK” AND SEVERAL VEHICLES WITH UKRAINIAN MARKS TO ENTER KYIV**,No,
175,1144404150,16411,"⚡️**ВС РФ взяли под контроль Лисичанский НПЗ, шахту Матросскую, Желатиновый завод и населенный пункт Тополевка,** сообщает МО РФ. Союзные силы вышли непосредственно к Лисичанску.",No,
176,1247556894,4826,"[​​](https://telegra.ph/file/471c2eae7b4689738deb3.jpg)**Київ: важливе на сьогодні** 🔵🟡

🪖**Посольство Ізраїлю в Україні передало столиці 50 тисяч пакунків готового харчування. Місто передасть їх на потреби ЗСУ. **Місто вдячне Ізраїлю за підтримку, яку він надає Україні та Києву від початку широкомасштабного російського вторгнення.

🖥**Мережа кабін безкоштовних юридичних відеоконсультацій відновила роботу в приміщеннях райдержадміністрацій.** Прийом заявників триває у будні з 09:00 до 15:00. Консультації надають фахівці-юристи Контактного центру міста Києва 15-51.

🦺**У Києві в процесі проведення гідравлічних випробувань виявили та усунули майже 1700 аварій на теплових мережах. **Зараз активно відновлюється робота теплових джерел після проведених робіт, як і постачання гарячої води людям.

**Детальніше:** https://cutt.ly/hXwdNti

**Kyiv: important news** 🔵🟡

🪖**The Embassy of Israel in Ukraine gave the capital 50,000 packs of ready-made food, which the city gave to meet the needs of the Armed Forces of Ukraine.** The city is grateful to Israel for the support it has provided to Ukraine and Kyiv since the beginning of the large-scale Russian invasion, which includes hundreds of tons of humanitarian and medical aid.

🖥**The network of free legal video consultation booths resumed operations at district state administration buildings.** Those needing assistance are accepted on weekdays from 9:00 to 15:00. Consultations are provided by specialized lawyers from the City of Kyiv's 15-51 Contact Center.

🦺**During hydraulic tests in Kyiv, almost 1,700 issues were detected and repaired in heating pipe networks. **Heat sources are being put back into operation, and the hot water supply is being returned to people after the completion of work.

**More details: ****https**://cutt.ly/hXwdNti",No,
177,1498939244,29517,"А если бы не было тупых гостов с требованиями для дронов как к Су-35, то у нас могли бы быть такие же, только свои.",No,
178,1164348791,6816,"ПОЛИТИЧЕСКАЯ ПАРТИЯ ВЕТЕРАНОВ СВО? ДА ЕЩЕ Я ОДИН ИЗ ПРЕДПОЛАГАЕМЫХ ЛИДЕРОВ?

Только узнал об этом слухе. Нет ребята, совершенно не моя тема. За тридцать лет карьеры в журналистике я с успехом вырос от корреспондента ВГТРК до специального корреспондента, и горжусь этим. 

Нет-нет, эта штука совершенно не для меня и я не имею к ней отношения. Я костюм-то с галстуком надеваю со слезами, и даже дома меня не все слушаются. Серьезную компанию я выдерживаю не более пятнадцати минут, если там нет вина, да я и не выпиваю уже. 

В нашей семье только военные есть и всегда были,  даже депутата Монинского поселкового совета никогда не было. А в партии я состоял Коммунистической, Советского Союза и не выходил из неё, это она сама куда-то делась. 

Позвольте состариться в окопе😺😺😺.

https://t.me/rusbrief/74350",No,
