Sr. no.,Channel ID,Post ID,Post,HRV,HRV_Type
1,1129015804,14541,"Ресурсы связанной с ""Аль-Каидой"" группировки ""Аш-Шабаб"" опубликовали видеозапись нападения на блокпост проправительственного ополчения в сомалийской провинции Гальгудуд. При теракте погибли не менее десяти силовиков.",Yes,A
2,1283359437,37914,"**__Военный эксперт Борис Рожин с краткой сводкой по итогам операции по денацификации и демилитаризации Украины на 23.10 27 июня 2022 г. специально для канала Vоенкор Котенок Z __****__@voenkorKotenok__**__**:  **
**1.  
Северодонецк. 
**__Большую часть гражданских лиц, удерживавшихся в заложниках, вывели с территории завода «Азот». Сам завод после восстановления продолжит работу. 
Продолжается прочесывание промзоны и лесопосадок рядом с Боровским и Сиротино. Активизированы фильтрационные мероприятия. 
Прямого штурма Лисичанска со стороны Северодонецка не ожидается — мосты разрушены + сам Лисичанск стоит на возвышенности. Интенсивность обстрелов Северодонецка упала — основные усилия артиллерия противника прикладывает для удержания фронта под Лисичанском.
**__2.  
Лисичанск. 
__**Бои за Верхнекаменку, Лисичанский НПЗ и заводы на южных окраинах города. 
Бои за Белую Гору. 
Горловина Лисичанского котла — до 8 км. Реальный маршрут выхода на Северск теперь есть только через Белогоровку, но эта дорога уже находится под огневым воздействием российской артиллерии. Украинская пропаганда уже готовит общество к сдаче Лисичанска. В ЛНР заявляют, что город будет освобожден до конца недели.
**__3.  
Артемовск. 
__**Бои в Клиновом и в районе Покровского. Противник укрепил оборону города, осуществляя ротацию потрепанных бригад, оборонявших город. Нажим ВС РФ на Артемовск в ближайшей перспективе будет усиливаться, но без взятия Покровского к прямому штурму города вряд ли приступят. 
В районе Светлодарска пока без существенных изменений.
**__4.  
Соледар. 
__**Бои у Берестово, Белогоровки и у трассы Лисичанск—Артемовск в районе Николаевки. 
Соледар после потери Лисичанска станет элементом оборонительной линии Соледар—Северск, на которой ВСУ попытаются удержать фронт к северу от Артемовска. После взятия Лисичанска стоит ждать наступления в направлении Северска и Соледара с севера.
**__5.  
Харьков. 
__**Позиционные бои в районе Цуповки, Уды, Дементьевки, Верхних Проходов и Верхней Салтовки. Противник практически полностью перешел к обороне. Усиливается огневое поражение позиций ВСУ у Харькова и Чугуева. Также прощупывают район Золочева. 
**__6.  
Славянск. 
__**Бои у Долины, Краснополья, Богородичного, Пришиба и Сидорово. Противник отмечает некоторое продвижение ВС РФ к Славянску. Также усиливается огневое поражение сил противника в районе Северска. 
На Изюмском направлении без существенных изменений.
**__7.  
Авдеевка. 
__**На фронте без существенных изменений. Как и ранее бои в промке, на у трассы Авдеевка—Константиновка и на окраинах Нью-Йорка. 
Усиливается контрбатарейная работа, что, впрочем, пока не останавливает обстрел городов Донбасса. Сегодня снова были убитые и раненые гражданские.
**__8.  
Змеиный. 
__**ВСУ заявляют, что в результате обстрела острова Змеинный смогли добиться попадания в ЗРПК «Панцирь». О других успехах не сообщается. Заявляется, что Зеленский дал приказ попытаться отбить Змеиный у ВС РФ за 2 недели. Видимо на других участках шансов на «контрнаступление» еще меньше.
**__9.  
Николаев. 
__**Позиционные бои на Никопольском, Криворожском и Николаевском направлениях. Наступление ВСУ остается тут сугубо виртуальным. Украинское командование уже открытым текстом призывает прекратить писать про «успехи ВСУ», так как картина «наступления» становится все более нелепой на фоне многочисленных кадров уничтожения живой силы и техники ВСУ ракетными и артиллерийскими ударами.
**__10.  
Запорожье. 
__**На линии Каменское—Орехов—Гуляйполе—Великая Новоселовка без существенных изменений. 
Бои в районе Угледара и Павловки. В Новомихайловке и Марьинке без изменений. Активности противника с наступлением на Павловку и Егоровку хватило ненадолго.

@voenkorKotenok",Yes,A
3,1080134301,20423,"**Пассажирка метро напала с ножом на москвичку за громкий разговор по телефону.

**Женщины ехали в одном поезде, между станциями Говорово и Минская пассажирка набросилась с ножом на 36-летнюю москвичку: женщине не понравилось, что соседка по вагону громко говорит по телефону. Нападавшая ранила пассажирку в лицо. 50-летнюю женщину задержали на станции Октябрьское поле, возбуждено дело по статье «Угроза убийством».",Yes,C
4,1247556894,3152,"Розумію, що киянам, які виїхали з міста, хочеться чим швидше повернутися додому.

Однак, прошу утриматися від цього принаймні ще тиждень. 
Також прошу не повертатися поки до своїх домівок жителів звільнених від окупантів передмість Києва.

По-перше, в кількох районах Київській області зараз діє цілодобова комендантська година. Також у містах біля столиці, де тривали бої, виявляють велику кількість вибухонебезпечних предметів. Які можуть становити велику загрозу.

Не виключаємо ми і вірогідності ракетних обстрілів. Так, наші сили ППО працюють на відмінно. Але, все може статися. Тож  прошу людей трохи почекати і не повертатися.",Yes,B
5,1093357968,13253,"❗️ЭКСКЛЮЗИВ❗️

🔥На Соледарском направлении казаки 6-го Казачьего Полка проводят зачистки улиц под прикрытием танка. 
Заняли ключевую улицу, для наиболее эффективного продвижения.

Любо Казакам❗️❗️❗️

Евгений Лисицын @evgeniy_lisitsyn",No,
6,1498939244,36232,"Ещё кадры с последствиями ночного обстрела Калининского района Донецка.

Пострадал жилой сектор, медицинский университет и больница.",Yes,B
7,1469021333,11669,"🤣Тим часом пропагандонам рве дах..
Вже з «сатаністами і бісами» воюють😁",No,
8,1457892982,24979,"**Народное творчество не остановить😏

**[Информатор](https://t.me/+LV7tr2_vgu02NjAy) | [Подписаться](https://t.me/+LV7tr2_vgu02NjAy)",No,
9,1457892982,26732,"**Новые кадры из Крымского моста. Работает 1 полоса. Цистерны стоят

**[Информатор](https://t.me/+LV7tr2_vgu02NjAy) | [Подписаться](https://t.me/+LV7tr2_vgu02NjAy)",No,
10,1144404150,12095,"⚡️Гуманитарные коридоры и маршруты выхода согласованы с украинской стороной — Минобороны РФ.

@warjournaltg",No,
11,1283359437,37972,"**Военный эксперт Борис Рожин с краткой сводкой по итогам операции по денацификации и демилитаризации Украины на 00.15 30 июня 2022 г. специально для канала Vоенкор Котенок Z ****@voenkorKotenok****:
1.  
__Лисичанск__. 
**Сегодня взят Лисичанский НПЗ, продолжаются бои в Верхнекаменке, в районе Белой Горы, Приволья (есть сообщения об отходе ВСУ), а также в самом Лисичанске. Противник частично осуществляет отход к Северску, где выстраивается новая линия обороны. 
**2.  
__Артемовск__. 
**Продолжаются бои в Клиновом, наши войска продвинулись в поселке. У Покровского без особых изменений. Также противник удерживает линии снабжения на Новолуганское и Углегорскую ТЭС.
**3.  
__Соледар__. 
**Продолжаются бои у Николаевки, в Белогоровке и Берестовом. Противник пока что удерживает фронт, но вскоре ВСУ предстоит решать проблему наступления ВС РФ с севера, после завершения освобождения Лисичанска основной нажим пойдет на Северск и Соледар.
**4.  
__Славянск__. 
**Бои у Богородичного, Краснополья, Пришиба, Сидорово. Темпы продвижения к Славянску пока что невысокие. 
**5.  
__Харьков__. 
**ВС РФ вытеснили ВСУ из Дементьевки и усиливают огневое поражение позиций противника на окраинах Харькова. Прощупываются возможности продвижения в районе Верхних Проходов, Уды, Цуповки. Также идет обработка Золочевского укрепрайона. 
**6.  
__Авдеевка__. 
**На линии фронта без существенных изменений. Артиллерийские обстрелы Донецка стали менее интенсивными после усиления контрбатарейной работы. 
**7. 
__Угледар__. 
**После недавних попыток наступления у Павловки, Егоровки и Шевченко противник, понеся большие потери, был вынужден снизить свою активность, и бои тут снова развиваются в позиционном ключе. В районе Новомихайловки и Марьинки без изменений. 
**8.  
__Запорожье__. 
**На линии Каменское-Орехов-Гуляйполе-Великая Новоселовка без существенных изменений. В районе Каменского прошел самый большой обмен военнопленными с начала СВО – поменяли 144 на 144 человека. Среди обменянных с украинской стороны было 43 раненых боевика «Азова». Среди наших – несколько летчиков.
**9.  
__Николаев__. 
**На фронте без существенных изменений. На Никопольском направлении противник пытается поддавливать в районе Потемкино. По Николаеву продолжают наноситься интенсивные ракетные удары. Активизация на этом направлении вполне возможна уже в июле.
**10.  
__Одесса__. 
**Украина продолжают подготовку к попыткам атаковать остров Змеиный в рамках поставленной политической задачи. В ближайшие недели это безусловно выльется в обстрелы острова из РСЗО и ОТРК, а также попытки ударить с воздуха. ВС РФ и ЧФ также готовятся к этим попыткам. Украина нужна хоть какая-то победа на фоне отступления на Донбассе. Кроме того, США и Британия пытаются оспорить контроль ЧФ в северо-западной части Черного моря.

@voenkorKotenok",Yes,A
12,1144404150,11643,"⚡️⚡️⚡️На данный момент подразделениями Вооруженных Сил Российской Федерации завершено блокирование города Чернигов

Российские военнослужащие принимают все меры для недопущения жертв среди мирного населения, сообщает Минобороны РФ.

@warjournaltg",Yes,A
13,1457892982,29762,"**Страны НАТО должны нарастить военное производство, иначе Украина не сможет победить, — Дмитрий Кулеба в интервью Politico

**""Если этого не произойдет (увеличение производства оружия), мы не сможем победить — вот так просто"", - сказал он.

Также Кулеба заявил, что ""в мире есть страны, которые имеют то, что нужно Украине, но не собираются продавать это в достаточном количестве по политическим причинам"". 

Запуск производств поможет снизить зависимость Украины от таких стран.

[Информатор](https://t.me/+LV7tr2_vgu02NjAy) | [Подписаться](https://t.me/+LV7tr2_vgu02NjAy)",No,
14,1144404150,12579,"**Бои за логово террористов ""Азова"".
Ситуация в Мариуполе и его восточных окраинах

**Съемочной группе ANNA-News удалось войти в Мариуполь с восточной стороны, где идут тяжелые городские бои с террористами запрещенной в России группировки ""Азов"". Именно Левый берег города, который сейчас стал центром шахматной мариупольской доски, выбрали боевики неонаци в качестве своего главной крепости еще в далеком 2014 году.

На этом фоне из города просачиваются мирные жители, которые концентрируются в районе н.п. Безыменное.

**Подробнее в нашем репортаже:
**https://vk.com/video-35276355_456246778

@anna_news @akimapachev @diza_donbass",No,
15,1247556894,2462,"🍵**Столичні терцентри соціального обслуговування забезпечили продуктами та гарячим харчування майже 7 тисяч людей

**✔️Усі 11 територіальних центрів продовжують роботу в умовах воєнного стану. Уже доставлено 4568 продуктових наборів тим, хто їх потребує. Ще понад 2 тисячі людей отримали гаряче харчування. 

🤍Соціальні працівники надають і послуги обслуговування на дому для самотніх літніх людей, осіб із інвалідністю та паліативних хворих. Це приготування їжі, закупка продуктів, годування, прибирання тощо. Такі послуги нині отримують більше 3 тисяч осіб.

❗️Якщо ви опинилися у складних у життєвих обставинах, звертайтеся до територіальних центрів свого району та залишайте заявку на допомогу.

📞 Київський міський територіальний центр соціального обслуговування
(044)-450-91-66
Вул.Котельникова. 32/11

**📞Голосіївський район
**просп. Голосіївський, 36
096-545-41-60

**📞Дарницький район
**вул. Вербицького, 9-І
044-564-08-22

**📞Деснянський район
**вул. В. Беретті, 18
044-515-20-18

**📞Дніпровський район
**вул. Курнатовського, 7а
044-512-00-35

**📞Оболонський район
**вул. Озерна, 18-А
044-411-97-75

**📞Печерський район
**вул. Бойчука (Кіквідзе), 11-А
066-733-07-30

**📞Подільський район
**вул. Братська, 15/9
044-425-05-12

**📞Святошинський район
**вул. Жмеринська, 22-А
044-290-47-86

**📞Солом’янський район
**б-р В. Гавела, 83-А
044-497-73-27

**📞Шевченківський район
**вул. Половецька, 14
044-486-66-61

✔️Ще у Києві працює Гуманітарний штаб. Залишити заявку, якщо ви потребуєте допомоги,  можна на сайті: https://potreby.kyivcity.gov.ua/.",Yes,B
16,1093357968,10032,"От подписчика. Воха. 

@epoddubny",No,
17,1144404150,17675,"Местные жители сообщают о двух прилетах в районе н.п Шепетовка Хмельницкой области.

@warjournaltg",No,
18,1457892982,24325,"**А вот и доказательство того, что Россия набрала на войну с Украиной зэков и первый из них уже воюют в Украине

**ВСУ взяли в плен такого ""вояку"", которого завербовала ЧВК ""Вагнер"". Из интересного, он заявил, что их подготовка к войне заняла всего неделю, и в РФ приехали инструкторы из Африки.

[Информатор](https://t.me/+LV7tr2_vgu02NjAy) | [Подписаться](https://t.me/+LV7tr2_vgu02NjAy)",Yes,D
19,1366346975,53228,"**‼️💥Работает ""Солнцепёк: ""🅾️тважные"" продолжают громить ВСУ

**Тяжелая реактивная артиллерия ТОС-1А “Солнцепек” группировки ""🅾️"" мастерски уничтожает укрепрайоны украинских боевиков в районе села Веселое. #эксклюзив с фронта

**t.me/RVvoenkor**",No,
20,1283359437,39387,"Оставляя за скобками угрозу радиационного выброса на Запорожской АЭС и последующее за этим вероятное применение тактического ядерного оружия, попробуем разобраться, чего пытается добиться командование ВСУ прямо сейчас.

Оценка текущей дислокации бригад ВСУ показывает, что не все более менее боеспособные соединения задейстованы на востоке страны. Нет их также и в глубине, за исключением формируемых новых бригад под руководством западных инструкторов. 
Также уже очевидно, что наступать на Херсон украинский генштаб не считает целесообразным, во многом за счёт того, что российское командование перебросило достаточные резервы на Николаевско-Криворожское направление. Удары РСЗО HIMARS, в принципе как и сказал министр обороны, проблемы на первом этапе создали, но критичными не стали, удалось приспособиться. 

С одной стороны, стратегия ведения диверсионной войны и обстрелов критически важных объектов на грани ""красной линии"" создаёт иллюзию успешного противостояния ВСУ наступательной операции союзных войск на Донбасской дуге. 
С другой стороны, любой план огневого поражения преследует цели либо подготовить условия для наступления на позиции противника, либо сорвать аналогичные планы оппонента. 

Таким образом, генштаб ВСУ либо ожидает в скором времени наступления ВС РФ на Запорожье, либо готовит такой план сам с целью пробиться к Запорожской АЭС. 
Исходя из этого, где-то в глубине Днепропетровской области должны быть уже сосредоточены от двух до трех бригад ВСУ, готовые к активным действиям. 
""Окно возможностей"" невелико - пока не иссяк поток военной помощи Запада и поставки боеприпасов более менее регулярны, развязка должна произойти в ближайший месяц. Затем - только глухая оборона.",Yes,B
21,1366346975,49909,Фото от бойцов 163 полка💪,No,
22,1144404150,16653,"⚡️** Сводка Министерства обороны Российской Федерации о ходе проведения специальной военной операции на территории Украины** (12.07.2022 г.)

Часть 1 ([см.часть 2](https://t.me/mod_russia/17597))

◽️ **Вооруженные Силы Российской Федерации продолжают специальную военную операцию на Украине.  

**💥 В районе населенного пункта Березань Одесской области **высокоточными ракетами наземного базирования «Искандер» уничтожены пусковые установки противокорабельного ракетного комплекса «Harpoon» (Гарпун) производства США. 
** 
💥** В результате удара высокоточными ракетами воздушного базирования** в районе населенного пункта Артемовск Донецкой Народной Республики **уничтожено** **180** военнослужащих и **26** единиц военной техники 30-й механизированной бригады ВСУ.
 
◽️ Кроме того, **высокоточным оружием ВКС России уничтожены**: живая сила и военная техника ВСУ в **12** районах, **четыре** склада с боеприпасами 79-й десантно-штурмовой бригады в районе Матвеевки Николаевской области, а также **пункт ремонта и восстановления бронетехники ВСУ **в районе Северска. 
 
💥 **В рамках контрбатарейной борьбы уничтожены**: **два** взвода реактивных систем залпового огня «Град» и **два** артиллерийских взвода гаубиц «Гиацинт-Б» на огневых позициях в районе Дзержинска Донецкой Народной Республики. 
 
💥** Оперативно-тактической и армейской авиацией, ракетными войсками и артиллерией за сутки поражено**: **три** пункта управления, **три** склада боеприпасов, подразделения артиллерии на огневых позициях в **97-ми** районах, а также живая сила и военная техника в **111-ти **районах. 
 
💥 **Российскими средствами противовоздушной обороны за сутки сбиты семь украинских беспилотных летательных аппаратов **в районах населенных пунктов Изюм, Малые Проходы, Питомник Харьковской области, Славянск, Шандриголово Донецкой Народной Республики, в том числе **один ударный беспилотный летательный аппарат** в районе города Николаев. 

◽️ Кроме того, **перехвачено 12 снарядов реактивной системы залпового огня «Ураган»** в районах населенных пунктов Лисичанск Луганской Народной Республики, Бражковка Харьковской области и Новая Каховка Херсонской области. 

📊 **Всего** с начала проведения специальной военной операции **уничтожены**: **243** самолета, **137** вертолетов, **1513** беспилотных летательных аппаратов, **354** зенитных ракетных комплекса, **4046** танков и других боевых бронированных машин, **741** боевая машины реактивной системы залпового огня, **3135** орудий полевой артиллерии и минометов, а также **4165** единиц специальной военной автомобильной техники.

#Минобороны #Россия #Украина @mod_russia",No,
23,1498939244,32293,🤨🤨🤨,No,
24,1472280635,16623,"А вот и он.
Договор о покупке Киева российским царём Алексеем Михайловичем Тишайшим.
Так что это наша собственность, а не каких-то мифических ""украинцев"".

✅[Спецоперация на Украине](https://t.me/specops2022). ✅[Подписаться](https://t.me/specops2022)✅",No,
25,1366346975,48789,"Работа РСЗО на Авдеевском направлении, которая обеспечила продвижение армии ДНР к окраинам поселка Пески.

https://t.me/Za_readn/57",No,
26,1109403194,35978,"Опять ублюдка называют «стрелком». Давайте не романтизировать убийцу со свастикой на груди.

@sashakots",No,
27,1247556894,3482,"Друзі! Сьогодні в мерії Києва відбулася дуже символічна подія - разом з делегацією європарламентарів та сенаторів Французької республіки, наукових і громадських діячів Європи, ми відкрили Європейський Дім - European Working Place “WeEurope” і підійняли на Хрещатику, біля приміщення Київської міськї ради прапор Євросоюзу.

Я сподіваюсь, що керівники і народи держав Євросоюзу переконались, що сильна  і стабільна Європа неможлива без сильної і успішної України. Ми налаштовані швидко подолати шлях до повноправного членства в ЄС. Досягнути всіх необхідні критеріїв.
 
Свій внесок в цей процес має зробити і Європейській Дім - European Working Place “WeEurope”. Ми створюємо його як місце для зустрічей та дискусій, що сприятимуть європейській інтеграції України. Для втілення проектів задля допомоги Києву та Україні. – Політичної, економічної допомоги, проектів з розвитку демократії.",No,
28,1093357968,10599,"Американские гаубицы М777 уже используются украинской артиллерией в Донбассе.

@sashakots",No,
29,1498939244,30126,На Криворожском направлении 126 бригада отбивается от наступления ВСУ. Опять вопреки всему чему только можно.,Yes,D
30,1080134301,20198,"🔞 В Казани поехавшая мамашка сняла на камеру избиение собственной дочери, чтобы отомстить мужу, который ушёл от неё. 

Как рассказывают соседи, старшая дочь женщины воспитывается у бабушки. Также у нее есть сын-инвалид. Маленькую дочь она избивает и недолюбливает",No,
31,1366346975,53909,"🇺🇦🏴‍☠️**И снова печальные данные: за сутки в ДНР ударами украинских нацистов убиты два человека, еще шесть ранены

**Такую информацию за 28 августа сообщает Штаб ТерО ДНР.

Кроме того, сообщается, что из-за [**утренних ударов**](http://rusvesna.su/news/1661746915) по городам ДНР без света остались более тысячи абонентов в Горловке и и более 1700 в Макеевке.

**t.me/rusvesnasu**",Yes,A
32,1498939244,29911,"Товарищи, у кого есть на него выход, напишите ему, что он чмо",No,
33,1366346975,51576,"Уничтожение ВСУшноного блокпоста, Сумская область.

Это один из примеров, как обнаглевших хохлов наказывают за их вылазки в Курскую область. Больше вылазок - больше трупов ВСУ.",Yes,A
34,1080134301,19164,"Россиянин из Березников, Пермский край, набухавшись объявил всех **Бойцов СВО мясом и петухами**. 

На следующий день произошла классика, он извинился, сказав, что перепил и поехала крыша🤡",No,
35,1129015804,12179,"В Сирии при обстреле неизвестных в провинции Дейр-Эз-Зор пострадали четверо военнослужащих ВС США. По данным международной коалиции, боевики выпустили несколько реактивных снарядов в направлении расположения ВС США на нефтегазовом месторождении ""Умар"", два из них попали в цель. Как сообщается, военные получили легкие ранения и контузии. Ответственность за нападение пока никто не взял. В Пентагоне подозревают, что за обстрелом стоит одна из проиранских группировок. Это уже третий подобный инцидент в Сирии с начала 2022 года. 

Одновременно с этим в Ираке воинская часть ""Айн Аль-Асад"" подверглась обстрелу реактивными снарядами и налету БПЛА. ВС США заявили, что ПВО удалось сбить один из беспилотников, что помогло избежать жертв при теракте. Пока никто не взял за него ответственность.",Yes,A
36,1129015804,12978,"В Ираке в ночь с 13 на 14 июля неизвестные самолеты нанесли удар по расположению проиранских сил неподалеку от приграничного с Сирией г. Эль-Кайм. Как сообщается, при налете было разрушено несколько складов с вооружением.

В июне 2021 года Пентагон нанес [удары](https://t.me/directorate4/10014) по расположению проиракских группировок в округе Эль-Кайм. Американцы мотивировали налеты тем, что поддерживаемые Тегераном бойцы совершали нападения на объекты ВС США в Ираке и Сирии.",Yes,B
37,1498939244,32846,"Товарищи участники! 

Застегните карманы, проверьте закрытие автомобилей. За утерю личных вещей администрация саммита ответственности не несет!",No,
38,1093357968,13509,"Советы бывалых: Боец ОРБ «Спарта» рассказывает о работе беспилотчиков.
Вопрос: применение дронов с устройствами для сброса боеприпасов.",No,
39,1144404150,12614,"❗️**Народная милиция ДНР**: В ходе зачистки от украинских националистов н.п. Марьинка **15 военнослужащих** 54 механизированной бригады д**обровольно сложили оружие** и на **двух БМП перешли на сторону Донецкой Народной Республики**. 

@warjournaltg",Yes,B
40,1093357968,8968,"Похоже, что возле побережья Одессы начали взрываться те самые мины, ранее установленные ВСУ, а теперь дрейфующие из-за обрыва якорных тросов. 

Видео: соцсети 

@epoddubny",No,
41,1144404150,16160,"🇷🇺🇺🇦 Украинская артиллерия вновь нанесла удар по жилым кварталам в Киевском районе Донецка.
#Донецк #Украина
@rybar

__*Поддержать нас:__ `4377 7278 0407 7977`",Yes,B
42,1498939244,36810,"Сообщают о новом взрыве в Николаевской области. Пишут, что проблемы со светом начались. В области воздушная тревога.",No,
43,1129015804,13920,"Во Франции спецслужбы задержали десять женщин, подозреваемых в связях с Исламским государством. Одной из них предъявили обвинение в преступлениях против человечности и геноциде. Задержанные были экстрадированы на родину из Сирии в конце прошлой недели. Всего на французскую территорию вернулись пятнадцать женщин в возрасте от 19 до 42 лет, а вместе с ними сорок их детей. Они содержались с другими родственниками боевиков ИГ в подконтрольных ""Сирийским демократическим силам"" лагерях в северо-восточной Сирии.

Ранее к аналогичной процедуре экстрадиции прибегли и другие [страны](https://t.me/directorate4/13073), в т.ч. [Россия](https://t.me/directorate4/13880), однако о возбуждении уголовных дел в отношении возвращенных не сообщалось.",Yes,D
44,1283359437,41648,"Балкенкройц на украинском танке — украинские нацисты хвастаются раскраской техники в духе нацистов предыдущих, которых русские 77 лет назад закатали в землю.

@voenkorKotenok",No,
45,1366346975,49693,"МО РФ заявляет, что рассматривает возможность причастности американской организации USAID (которая тесно связана с Госдепом США и ЦРУ) к распространению коронавируса в мире.",Yes,A
46,1080134301,17856,"🔥🇷🇺🇺🇦 Российские РСЗО ""Ураган"" бьют по целям ВСУ.

Корректировку огня и доразведку целей российским артиллеристам обеспечивают БПЛА.",No,
47,1457892982,27661,"**❗️В Житомире, предварительно, два попадания по энергетическому объекту

**[Информатор](https://t.me/+LV7tr2_vgu02NjAy) | [Подписаться](https://t.me/+LV7tr2_vgu02NjAy)",No,
48,1080134301,14951,"В Пензе шторм  опрокинул строительный кран на будку сторожа, мужчина погиб.",Yes,A
49,1283359437,41469,"Путин: Украинские спецслужбы осуществили уже** три теракта.** Была осуществлена попытка подрыва ""Турецкого потока"". Оставлять без ответа преступления киевского режима просто **невозможно**.

@voenkorKotenok",Yes,C
50,1093357968,9251,"Где-то в Черниговской области.

Инженерные войска РФ проводят работы по разминированию территории.

@epoddubny",No,
51,1511148555,12507,"Могила военнослужащего ВСУ. Тело лежало рядом с подбитым ""Бардаком"".

Мёртвого врага никто не обоссал, ничего не отрезал, не глумился...

Потому что мы Воины Христовы, а они нечисть. Мы не можем  поступать по другому, потому что добро живёт внутри нас, а у них в душе бесы. Помните об этом.",Yes,B
52,1144404150,18568,"В районе Сватово-Кременная тяжелая обстановка. 

Приехали к генералу Лапину на месте выяснить ситуацию.

Подробности позже.

@vladlentatarsky",No,
53,1366346975,50428,"**‼️🇺🇦🏴‍☠️Боевик ВСУ рассказал, что их готовили к нападению на Донбасс

**О готовящемся нападении на Донбасс и войне с Россией РИАН рассказал пленный ""украинский защитник"" 53-й механизированной бригады ВСУ.
**t.me/RVvoenkor**",Yes,C
54,1469021333,14148,"[🔄](https://deepstatemap.live/#11.75/49.6786/37.5808)**Мапу оновлено. Враховано звільнення лівобережної частини Куп'янська**. Багато часу забрало друге відео, яке на скріншоті

[Магазин](https://deepstateua.shop/)▫️[Блог](https://deepstateua.com/)▫️[Мапа](https://deepstatemap.live/)▫️[Написати нам▫️](http://t.me/newsDeepStatebot)[Звіти](https://help.deepstateua.com/)▫️[ЗСУHelp](https://t.me/help_deepstateua)",No,
55,1457892982,29817,"**Тем временем, объявился главный вояка ""ДНР"". Узнали? 

**Хорошо, что все-таки живой, Гаага готова встретить😏

[Информатор](https://t.me/+LV7tr2_vgu02NjAy) | [Подписаться](https://t.me/+LV7tr2_vgu02NjAy)",No,
56,1366346975,53435,"**Не рой могилу другому, сам в нее попадешь.

**Как иронично. Два видео с командиром 28-й отдельной механизированной бригады ВСУ. Одно от декабря 2021-го года, где он смеясь рассказывает, что он всерьез озабочен вопросом, ""Где он будет хоронить русских солдат"". А на втором видео снятом в июле 2022-го года хоронят уже его самого - персонаж стал жертвой высокоточного удара по штабу 28-й омбр, в результате которого погиб почти весь старший командный состав бригады. 

https://t.me/sashakots/35168",Yes,A
57,1457892982,29228,"**⚡️Статья 5 устава НАТО не была бы запущена, даже если бы была доказана вина России. Никто не хочет дальнейшей военной эскалации, — **[**Bloomberg**](https://www.bloomberg.com/news/articles/2022-11-16/g-20-latest-leaders-react-to-polish-probe-on-russia-made-rocket)** со ссылкой на французского чиновника

**Также, что известно на данный момент об инциденте в Польше:
▪️Дуда заявил, что в настоящий момент **нет однозначных доказательств того, кто запустил ракету в Польшу;
**▪️Эрдоган считает, что **факты указывают на непричастность России** к инциденту в Польше;
▪️Ясно одно: э**того бы не произошло, если бы не ужасающие ракетные удары России по Украине** — премьер Нидерландов;
▪️На сегодняшний день запланирован ряд встреч и консультаций между лидерами стран ЕС и НАТО. Несколько из них уже сделали **разные заявления,** но мнение одно — нужно дождаться результатов расследования.

[Информатор](https://t.me/+LV7tr2_vgu02NjAy) | [Подписаться](https://t.me/+LV7tr2_vgu02NjAy)",No,
58,1511148555,9726,"💢💢💢**Командование ВСУ снимает резервы из Одессы и перебрасывает на херсонский участок,** - __украинские СМИ__

Также украинские каналы сообщают, что форсирование событий и наступления ВСУ несмотря на огромные потери делаются для того, чтобы успеть до окончательного оформления вхождения новых субъектов в состав РФ __(голосования в Госдуме, ратификация, одобрение Совфеда и т.д.)__, то есть - до 4 октября.

**Интересно, чего Киев ожидает после 4 октября, и откуда такая спешка.**",Yes,D
59,1080134301,15260,🔥🇷🇺🇺🇦 Донбасс. Все что осталось от ночных российских ударов по позициям ВСУ.,No,
60,1498939244,36800,"Уничтоженный грузовик ВСУ с боекомплектом, и две повреждённые Ноны. 
Локация неизвестна",No,
61,1080134301,18164,"На Крымском мосту произошел подрыв грузового автомобиля — Национальный антитеррористический комитет.

Это привело к возгоранию 7 топливных цистерн и частичному обрушению двух пролётов моста.",No,
62,1093357968,9606,"Бойцы ВС РФ и НМ ДНР смогли эвакуировать 47 членов экипажа с кораблей, захваченных украинскими националистами в порту Мариуполя.

Сейчас моряки из России, Азербайджана, Египта и Украины направляются в Донецк.

@epoddubny",No,
63,1247556894,3829,"Друзі! 
Важлива інформація!

У Києві та області змінюється час комендантської години.

Із неділі, 15 травня, комендантська година розпочинатиметься на годину пізніше.

І триватиме з 23:00 до 5:00 ранку.

Від 16 травня громадський транспорт столиці працюватиме довше. 

Метрополітен - з 06:00 до 22:00. 
Наземний громадський транспорт - з 06:00 до 22:30.

Дотримуйтеся правил комендантської години. А також - не нехтуйте сигналами повітряної тривоги! Бо загроза ракетних обстрілів Києва залишається.",No,
64,1283359437,38638,"**Сводка МО РФ от 24 июля 2022 г. Главное:

**— На военном аэродроме Канатово Кировоградской области поражена авиационная техника воздушных сил Украины;
— В Одессе на территории судоремонтного завода уничтожены украинский военный корабль и склад ракет «Harpoon»;
— В районе н.п. Верхнекаменское (ДНР) уничтожено свыше 70% 108-го и 109-го батальонов 10-й горно-штурмовой бригады ВСУ;
— В Николаеве нанесен удар по складам вооружений — уничтожено более 50 боевиков, более 3000 артиллерийских боеприпасов различного калибра и 10 единиц бронетехники;
— В районе Артёмовска уничтожены две гаубицы М777, а в районе Николаева — комплекс РЭБ ""Буковель"";
— В рамках контрбатарейной борьбы подавлены три взвода РСЗО ""Град"" и 37 артиллерийских взводов;
— Сбиты пять украинских БПЛА.

@voenkorKotenok",No,
65,1457892982,27887,"**Путин признал существование проблемы алкоголизма в России** 

Бункерный считает, что перестать бухать русские могут, занимаясь саморазвитием 🤡

[Информатор](https://t.me/+LV7tr2_vgu02NjAy) | [Подписаться](https://t.me/+LV7tr2_vgu02NjAy)",No,
66,1080134301,15820,"❗️🇺🇦Украинского армянина заставили ненавидеть Путина и Кадырова.

В Николаеве армянин-продавец овощей заявил о скором приходе кадыровцев, за что его поймали силовики, приказали копать себе могилу и заставили извиниться оттуда, оскорблять Путина и Кадырова и поддерживать ВСУ.

Вот и настоящая поддержка Киевского режима: поддерживай или умри…",No,
67,1093357968,10708,"Просыпаешься с утра, а против тебя ввели новые санкции. Теперь и Австралия. В компании с ДОРОГИМ КУМОМ @epoddubny и ЧВК «Вагнера». **Служу Отечеству!**

https://t.me/truekpru/76470

@sashakots",No,
68,1457892982,28681,"**⚡️В Украине освободят от уплаты налогов важные для прохождения отопительного сезона товары: генераторы, обогреватели, электрические аккумуляторы и т.д., — Шмыгаль

**Пришло время закупаться.

[Информатор](https://t.me/+LV7tr2_vgu02NjAy) | [Подписаться](https://t.me/+LV7tr2_vgu02NjAy)",No,
69,1498939244,29743,"В Одессе ещё один прилёт 💥

обн. 4 взрыва",No,
70,1469021333,9320,🦍 **Чекаємо його профіль на єМогила**,No,
71,1283359437,39693,"**Сводка МО РФ от 29 августа 2022 г. Главное:

**— В результате удара по пункту управления воздушного командования «Восток» в районе Днепропетровска и складу ракетно-артиллерийского вооружения в районе Нововоронцовки Херсонской области уничтожено до 70 боевиков;
— В районе н.п. Марганец (Днепропетровская область) поражены пункт временной дислокации 108-й бригады теробороны и полевые лагеря ""Айдара"" и ""Азова"" — ликвидировано более 100 боевиков, 20 единиц военной техники и свыше трёх тысяч реактивных снарядов для систем залпового огня;
— В районе н.п. Червоный Яр (Запорожская область) и Курдюмовка (ДНР) сбиты два украинских Су-25;
— Оперативно-тактической и армейской авиацией, ракетными войсками и артиллерией поражены 203 объекта, в т.ч. шесть складов ракетно-артиллерийского вооружения и боеприпасов;
— Сбиты шесть украинских БПЛА;
— Над территорией ДНР, Запорожской и Херсонской областями перехвачены три украинские баллистические ракеты «Точка-У» и 21 снаряд реактивных систем залпового огня «Ольха» и «HIMARS».

@voenkorKotenok",No,
72,1498939244,35006,В Сумской области также аварийные отключения электроэнергии,No,
73,1366346975,57224,"Кратко по Оскольскому фронту. Ситуация с Купянском будет понятна завтра, на сегодня нет подтверждений тому, что хохол нас выбил из восточной части города нет. Но переправу через Северский Донец  районе Студенка противник навел. По поводу переправы в Червоном Осколе через соотвественно реку Оскол, точной информации нет. Хохол в районе Студенка перебрасывает  личный состав и технику на наш берег. Наши парни бьются и никуда не побегут, как бы ни было тяжело.",No,
74,1080134301,17773,"⚡️ Глава Херсонской области Сальдо обратился к президенту России с предложением о принятии Херсонской области в состав РФ в качестве нового субъекта.

Также известно, что Главы ДНР и ЛНР отправились в Москву для завершения юридической части вхождения ДНР и ЛНР в состав России.",No,
75,1080134301,16047,"**Замес с наглыми бородачами

**Южане нагло ехали по обочине, но нашелся тот, кто не захотел и пропускать, на что те выскочили  из тачки и начали быковать.
В итоге получили перцовкой в лицо и чуть были не избиты толпой (на помощь оператору выскочили другие участники дорожного движения)",No,
76,1109403194,35446,"И еще немного видео о том, как Балаклею «сдали без единого выстрела». 

@sashakots",No,
77,1144404150,17886,❗️**Предварительные итоги контрнаступления 128 бригады ВСУ на Херсон в некрологах закарпатских СМИ**,Yes,D
78,1457892982,28620,"**Грязь, сено.** **Концерт для будущих пакетов.** Без комментариев.

[Информатор](https://t.me/+LV7tr2_vgu02NjAy) | [Подписаться](https://t.me/+LV7tr2_vgu02NjAy)",No,
79,1511148555,11868,"**🇺🇦🏴‍☠️Помогаешь ЗСУ, а во Львове похую 🤣🤣🤣

Коротко о хохлоединстве.**",No,
80,1164348791,6532,"ДИВЕРСИИ УКРАИНЫ. А ПОЧЕМУ МЫ, СОБСТВЕННО, НЕ ОТВЕЧАЕМ В ТОМ ЖЕ ДУХЕ, ПОЧЕМУ МЕДЛИМ С ТЕМ, ЧТО ЕЩЁ ПРЕДСТОИТ РАЗВЕРНУТЬ?
 
Опять моя эпистолярная дискуссия с Блогером. Его мысли, по традиции, в
кавычках.
 
**«Аттентат**, как следует из словаря, устаревшее название политического убийства. Но, как и во многих других вопросах, на Украине слово обозначает не то де самое, что во всём остальном мире.
 
Бандеровцы (исторические, не нынешние) долго говорили, что аттентат - одним из их способов политической борьбы. Не самая жёсткая для того времени идея, тридцатые годы 20го века вообще время далёкое от гуманизма. Только вот убивать действительно высокопоставленных политиков бандеровцы так и не смогли, постепенно скатываясь в терроризм. В итоге жертвами ""бандеровских аттентатов"" становились врачи, учителя, колхозники...
 
Современная же Украина занимается одновременно реконструкцией худшего, что могла найти в истории прошлого века, и игрой в слова, чтобы не затрагивать устоявшиеся у западных хозяев триггеры.
 
Как это выглядит? Украина не призывает к терроризму, но зато там требуют ""восстановить традицию бандеровского аттентата"". Какой терроризм, просто это особенности культуры и национальные традиции. Запад проглотил это когда убивали несогласных на Украине, на Донбассе, теперь и идеологических врагов в Москве.
 
Проблема в том, что в России многие не понимают в насколько иной системе ценностей и понятий живут на современной Украине, всё ещё находясь в плену воспоминаний о нормальной Украине. А там уже давно переименовали терракты в ""аттентаты"", ""диверсии"" или просто сухое ""уничтожение объектов"". Слова тоже многое значат, настолько многое, что на Украине значительная часть населения реально уверена в том, что воюет против русских террористов из организации ДНР, например.
 
С другой стороны, надо понимать, Москва проснулась в новой реальности: от серии терактов, которые отрезвили многих до сих пор очарованных былым братством народов. Но самому явлению современного украинского терроризма уже более 8 лет, оно родилось, сформировалось и выросло, годами продвигаясь к своей цели - горящей Москве».
 
**Я:** Оставьте, Украина давно измазана в крови идеологических оппонентов: Олесь Бузина, жертвы Сожжённой Одессы, Дарья Дугина. Это всё преднамеренное действие англосаксов. Они жгут мосты для отступления, не дают миротворческого манёвра своим нукерам из Киева. Кровь есть на руках? Кто ж их простит, они вынуждены воевать с нами до конца, любыми лютыми методами. О политических убийствах я упомянул. Жертвы диверсий: Захарченко, Моторола, Гиви, подорванный Крымский мост – последняя точка.
 
А что мы? А мы ещё не готовы выйти на тропу **этой **войны. Почему я в этом уверен? Так дайте хоть одну громкую сатисфакцию, оповестите о ней. А знаете, чем у нас занимаются профессионалы в этой области? Они воюют, как обычная пехота, потому что обычной пехоты не хватает. Где спецназы ГРУ (бригады все на войне), где легендарный «Вымпел»? На войне. Где ССО? На войне. У нас всю жизнь разведка охраняет командиров и штаб, а в джунгли ходить некому. Мы окунули СпН (профессиональных диверсантов) в окопную рутину, и ждать от них перестройки работы, в ближайшем будущем, не стоит.
 
Продолжим заколачивать рельсовые костыли хрустальными молотками?",Yes,A
81,1144404150,13010,"Вынос раненой девочки из под завалов дома в Донецке после украинского обстрела.
Официально заявляют об 1 погибшем и 4 раненых.
Неофициально говорят, что погибло 2 человека.

https://t.me/zheltyeslivy/42770",Yes,A
82,1080134301,16126,"❗️🇦🇲🇦🇿 **Азербайджан применил Bayraktar TB2.

**Около 15:00 на северо-западном участке линии соприкосновения азербайджанские подразделения применили БПЛА на высоте Сарыдаг, в результате чего смертельноe ранение получил один военнослужащий армении еще 8 военнослужащих получили ранения различной степени тяжести. 

Минобороны Азербайджана сообщает, что проводимая в Карабахе операция является ответом на гибель азербайджанского военнослужащего.

В данный момент напряженность на линии соприкосновения сохраняется. Для деэскалации задействованы российские миротворцы.",Yes,A
83,1093357968,11523,"Русская Гуманитарная Миссия продолжает работать. 

25 тонн гуманитарного груза доставлено в Луганск. 

[Продуктовые наборы и предметы первой необходимости](https://t.me/rgmagency/920) будут отправлены в города и сёла ЛНР и переданы тем, кто долгое время оставался без какой бы то ни было поддержки. 

Спасибо всем, кто поддерживает работу РГМ и [Фонд им. Елизаветы Глинки. ](https://t.me/liza_fund)

Мы продолжаем сбор в пользу жителей ДНР, ЛНР и освобожденных районов Украины. 

2202 2032 5864 7967 карта МИР

bc1qava2vg3wgx8fvrxqeull77xy359yqrexwsuu80 BTC 

0x47D9b99b239aEE283ba10d8D4D6c2269b22b5208 ETH

rfmFjVDUa7z1a2XC74yQpirdzk76AtCqiZ XRP

LPxD7gErrWSqqwYvmvuzRorLBZ9oMQ1Ngh LTC

@epoddubny",No,
84,1109403194,37431,"**Собянин сообщил, что побывал ""на линии обороны"" в зоне спецоперации

**📲 В своем Телеграмм-канале мэр написал: __""Помогаем нашим ребятам на линии обороны обустроить рубежи. А также устанавливаем генераторы, печки и строим медицинские пункты""__.

🐔 [Подписаться на @truekpru](https://t.me/+p3pOHrMFlcI0NWRi)",No,
85,1498939244,36140,💥ПВО доблестного 11-го полка сбили  петушиный Ми-8 под Первомайкой. Ждите видео.,No,
86,1498939244,32800,"Около 80 тысяч мобилизованных граждан сейчас находятся в зоне проведения СВО, из них 50 тысяч принимают участие в боевых действиях, заявил Путин на встрече с губернатором Тверской области. 

Путин призвал власти на всех уровнях проявлять внимание ко всем мобилизованным, где бы они ни находились – на полигонах или в зоне боевых действий.",No,
87,1080134301,16654,🇷🇺🇺🇦 Российские офицеры водрузили триколор размером 6 на 4 метра на высоте 202 метра над землёй в Херсоне.,No,
88,1511148555,11396,Сегодняшние прилёты в Ровно 😘,No,
89,1511148555,11530,❗️Херсонскую область никто сдавать не будет – власти,No,
90,1080134301,17825,"**Психованный охранник применил против женщины газовый баллончик и физическую силу

**Женщина пришла в школу требовать альтернативный вход для детей, аргументируя тем, что металлические рамки вызывают бесплодие у мальчиков и девочек.

И.о. главы администрации столицы Коми уже сообщил, что охранник будет уволен.",Yes,B
91,1511148555,14647,**Судьба либерального куколд-мусора на чужбине.**,No,
92,1457892982,29105,"**⚡️ Одесские чиновники решили подзаработать на ""зерновом коридоре"", — **[**ГБР**](https://dbr.gov.ua/news/dbr-vikrilo-na-odeshhini-masshtabnu-shemu-poboriv-z-eksporteriv-zernovogo-koridoru)**

**Стало известно, что лица при должностях не брезговали просить взятки **за экспорт зерновых культур** через морские порты Одесской области по **""зерновому коридору""**.  Все просто: хочешь получить документы — **плати**.

В ходе обысков уже нашли деньги от подобных сделок и документы, подтверждающие их.

[Информатор](https://t.me/+LV7tr2_vgu02NjAy) | [Подписаться](https://t.me/+LV7tr2_vgu02NjAy)",No,
93,1080134301,19769,"В Киеве тоже зафиксирован прилет, поднимается дым после взрыва",No,
94,1080134301,16072,🇷🇺🇺🇦 Донбасс. Работа минометных расчетов по позициям ВСУ.,No,
95,1109403194,34228,"**⚡️⚡️⚡️Луганские аграрии в честь старта уборочной кампании  выразили поддержку бойцам Народной милиции и российским Вооруженным Силам, участвующим в спецоперации по освобождению Донбасса. Поле с символической надписью ""ZOV"" находится в освобожденном Новоайдарском районе.**",No,
96,1469021333,8932,"❗️Ситуація щодо російського вторгнення

🔴Після обстрілу Зміїного з корабельних озброєнь та бойової авіації окупантів була зруйнована інфраструктура на острові. 

🔴Крім того, зв'язок з прикордонниками, які знаходяться на остові з воїнами ЗСУ, втрачено. 

🔴За наявною інформацією острів Зміїний захоплений. 

🔴Нагадаємо, ворог сьогодні неодноразово марно намагався залякати українських захисників на острові з вимогами здатися. 

🔴Прикордонники та ЗСУ мужньо тримали оборону.

🔴Зазначимо, Держприкордонслужба продовжує активно діяти спільно з Збройними силами України та Нацгвардією, аби спинити ворога, який підступно напав на нашу країну.
Перемога буде за нами!",Yes,D
97,1469021333,11362,"📷**Пам'ятаєте декілька тижнів тому перевернутий у воді кацапський танк?

**Сьогодні він став нашим трофеєм. З третього фото видно, що екіпаж живим вибратись не зміг.

🔺Московські ЗМІ виставляли його за наш! Цікаво, що тепер скажуть? Івани залізли в український танк і втопилися?",No,
98,1366346975,55457,"📹 **Союзные силы уничтожают противника в Марьинке

**Бойцы  батальона ""Шторм"" 102-го  мотострелкового полка 150-й  мотострелковой дивизии ВС РФ показали как продвигаются в Марьинке. Работают профессионально, используют современные методы ведения боя, приближая тем самым Победу.",No,
99,1109403194,36247,"Москва задает тон в мерах поддержки семей мобилизованных. Собянин подписал указ о дополнительных льготах для наших героев.

Вот детские:

✔️Детей мобилизованных москвичей можно будет записать в детский сад во внеочередном порядке — когда ребенку исполнится полтора года. 

✔️ Во внеочередном порядке также можно будет перевести ребенка в детский сад или школу ближе к дому.

✔️Семье мобилизованного москвича не придется платить за присмотр и уход за ребенком в городских и муниципальных детских садах — эта плата отменяется.

✔️Детям мобилизованных москвичей в школах будет предоставляться бесплатное двухразовое горячее питание (завтрак и обед) независимо от класса (вплоть до 11-го).

✔️Если ребенок мобилизованного учится в городском колледже, ему будут предоставляться бесплатные обеды.

✔️Дети мобилизованных москвичей будут в первоочередном порядке зачисляться в группы продленного дня с 1-го по 6-й классы. Платить за посещение продленки не придется.

✔️Дети мобилизованных смогут бесплатно посещать занятия по дополнительным программам обучения в городских и муниципальных школах и учреждениях дополнительного образования.

[Есть еще льготы ](https://www.sobyanin.ru/o-podderzhke-semei-mobilizovannyh-grazhdan?utm_source=tg&utm_medium=post&utm_campaign=051022) для пожилых родственников, жен и тд.

Подать заявление можно в Центре поддержки семей мобилизованных (улица Сергия Радонежского, дом 1, строение 1). Связаться с центром можно по телефону: +7 (495) 870-44-44.",Yes,B
100,1283359437,37265,"**__«Боксер»: Противник выбегал из балок. Обзор трофейных карт и схем из Мариуполя
__**
Александр Шестаков (позывной «Боксер») — ветеран ополчения ДНР — продемонстрировал многочисленные трофейные карты, захваченные на позициях и в расположениях противника в освобожденном Мариуполе. 

Подписываетесь на [«Бастион»](https://bastyon.com/index?v=fb8e8cfc454f14a7e72721c16c70bca81b34aabebcb2c229406d6771f3f042a3&video=1&ref=PARV591XENALBB5ApkR7WcQPhEZtLHfi2A)!
Видео на [YouTube](https://www.youtube.com/watch?v=skOhrlS8c5M)

@voenkorKotenok",No,
101,1498939244,33397,"Пентагон заявляет, что не может подтвердить сообщения о двух российских ракетах, упавших на территории Польши",No,
102,1511148555,13462,"❗️Госсекретарь США Энтони Блинкен заявил, что в конгрессе идет работа над альтернативой признанию РФ ""страной-спонсором терроризма"".

[Конфликт🔥Z Подписаться](https://t.me/konfliktworld)",No,
103,1366346975,55594,"💬 **Когда мы выходим на боевой путь, противник слышит грохот наших лопастей, наше рычание и просто покидает позиции. Боится он «Аллигатора».

**Кадры боевой работы экипажей ударных вертолетов Ка-52",No,
104,1511148555,9337,"‼️‼️‼️Запорожская область де-факто отделилась от Украины и подала заявку на вступление в Россию, заявил глава ВГА региона.",Yes,D
105,1536211233,989,"**Another Russian General killed in Ukraine **

Head of 49th combined arms army of the Southern Military District Yakov Ryazantsev was killed near Kherson today. He is the seventh Russian general who died during the war in Ukraine.

**В Украине убит еще один российский генерал**

Сегодня под Херсоном погиб командующий 49-й общевойсковой армией Южного военного округа Яков Рязанцев. Он седьмой российский генерал, погибший во время войны на Украине.",Yes,A
106,1109403194,36367,"Строгость режима проезда компенсируется необязательностью его соблюдения. Злые языки говорят, что вот так можно было объехать газоанализатор на Крымском мосту (обсценная лексика). В обе стороны. Еще что-то про 200 рублей говорят в документах, не понял, зачем (да понял, конечно). 

Теперь за безопасность будет отвечать ФСБ. Может, пока не поздно, провести ревизию всех стратегических объектов в прифронтовых регионах. И отдать под крыло спецслужб?

@sashakots",No,
107,1366346975,55126,"[​​](https://telegra.ph/file/73d209d06be105da5c72c.jpg)**Карта военных действий и ситуация на фронтах к вечеру 3 сентября

**Ночью в очередной раз произошла попытка [захвата](https://t.me/readovkanews/41155) боевиками ВСУ Запорожской АЭС, и вновь неудачно. Две группы десанта, числом свыше 250 человек, на катерах и моторных лодках попытались пересечь Каховское водохранилище и высадиться в районе Энергодара и Днепропрудного. Однако их перехватили, когда они еще были на воде — накрыли ударами четырех Су-30 и двух Ка-52 ВКС России. Итог: 20 катеров и лодок были утоплены, остатки нападавших развернулись в сторону украинского берега, где были еще раз атакованы нашей артиллерией. По данным Минобороны РФ, в ходе этой ночной [провокации](https://t.me/readovkanews/41157) ВСУ потеряли 47 человек убитыми, в их числе 10 иностранных наемников.

⚔️Обстановка на фронтах за уходящие сутки:

**▫️На Соледарском направлении** противник продолжает удерживать фронт по линии **Верхнекаменское-Ивано-Дарьевка-Веселое-Яковлевка**. Наши же атакуют позиции ВСУ в окрестностях **Яковлевки и Веселого, **им помогают ВКС**. 

▫️На Донецком направлении **русские войска продолжают пробивать дорогу в сторону **Авдеевки**. Продолжается противостояние за развязку **Донецкой кольцевой автодороги** за **Песками**, наши ведут наступательные действия на Первомайское. 

**▫️На Южном направлении** на большинстве участков сегодня не было новостей о крупных изменениях. Вся активность сосредоточилась на Андреевском участке. В районе Сергеевки, под Новой Каховкой, ВКС России [сбиты](https://t.me/readovkanews/41171) два украинских штурмовика Су-25.

**▫️На Андреевском участке** же ситуация сегодня складывалась не просто. Ночью наши разбомбили все три понтонные переправы через Ингулец и таким образом отрезали на южном берегу скопившуюся там в узком прорубленном коридоре группировку. Им на помощь поспешило подкрепление — командование ВСУ решило сконцентрировать имеющиеся резервы и силы здесь для деблокировки и расширения плацдарма. Для этого перегоняли колонны техники и людей через Березнеговатое, насыпана новая переправа. В результате в течении дня боевикам удалось полностью занять село Благодатовка и деблокировать окруженные на южном берегу группировку. Но наши держат ситуацию под контролем, используя артиллерию и авиацию. Противостояние продолжается.

**По нашему приграничью** — утром ВСУ обстреляли село Кистер Погарского района Брянской области. Были повреждены линии электропередач и дорога, погибших и пострадавших удалось избежать. Также в районе Старого Оскола Белгородской области успешно сработала наша ПВО. 

**Прилеты** сегодня фиксировались в Донецке, Горловке, Ясиноватой. После многочисленных ракетных ударов ВСУ произошло частичное обрушение моста через Каховскую ГЭС — судя по спутниковым снимкам, обрушился один пролет. Также были обстреляны жилые кварталы города-спутника станции, работала ПВО. В Херсоне же был варварски [обстрелян](https://t.me/readovkanews/41180) спортивно-оздоровительный центр. 

**Калибры**. В Славянске наше высокоточное оружие поразило пункт временной дислокации 95-й десантно-штурмовой бригады — уничтожили более ста украинских военнослужащих и 14 единиц бронированной и автомобильной техники. Также в районе Константиновки [уничтожена](https://t.me/readovkanews/41171) РСЗО HIMARS c машиной подвоза боеприпасов и до 30 человек боевого расчета.
Южнее станции Выемка, что под Северском, был поражен пункт временной дислокации 93-й механизированной бригады — ликвидировано до 120 боевиков и 11 единиц военной техники. В районе Новоселовки Днепропетровской области был [сбит](https://t.me/readovkanews/41171) украинский **МиГ-29**, оснащенный ракетами HARM.

**В мире** **— **тем временем в [Праге](https://t.me/readovkanews/41181) и [Париже](https://t.me/readovkanews/41189) прошли антиправительственные митинги. Протестующие призывают уходить действующие власти в отставку, а слоганом чешских протестующих стал лозунг «Это не наша война», очевидно относящийся к непомерным жертвам ради Украины.

**Из интересного — в последние дни на Херсонском направлении показали изменение тактики **ВКС РФ. По оказавшимся в огневом мешке на южном берегу Ингульца наша оперативно-тактическая авиация стала работать планирующими бомбами и «чугунием» — они же ФАБ-500. Что это означает и чем это показательно — [объясняет](https://t.me/readovkaru/1316) Readovka.",Yes,A
108,1366346975,54748,"Такой ближний бой мы вам ещё не показывали. На видео, снятом с дрона, редчайшие кадры перестрелки штурмового батальона 11-го полка Народной милиции ДНР с отдельным родом войск Украины — ССО (Силы специальных операций).

Бой происходит на территории укрепрайона ВСУ в Первомайском, на Донецкой кольцевой дороге. После отступления украинские боевики рассредоточились, поэтому нашим бойцам приходится буквально выковыривать вэсэушников из «лисьих нор», вырытых под асфальтовым покрытием.

Пули пролетают даже не в нескольких метрах, а в десятке сантиметров — так, что их можно услышать. А всё, что можно увидеть, отделяет насыпь. Автоматные очереди и взрывы гранат. Вот это ближний бой!

Видео от нашего военкора [Андрея Филатова](https://t.me/FilatovCorr).

@milchronicles",Yes,B
109,1511148555,13471,"**В баре ресторана ""Юрас перле"". Танцевальная группа Лаймы Вайкуле. ЛаССР. Юрмала, 1982 . 

Примерно так Лайма и содержала Советский Союз ) 
Кто не узнал , Лайма посередине .

💭Думаю ебли её всеми советами, содержанкой для многих точно была

**[Конфликт🔥Z Подписаться](https://t.me/konfliktworld)",No,
110,1366346975,49153,"**‼️💥 Бои у Артемовска не утихают и ночью
**Союзные войска наступают на этот оккупированный ВСУ город в ДНР. Артиллерия бьёт по окраинам, где окопались боевики ВСУ и нацбатов.
 **t.me/RVvoenkor**",No,
111,1109403194,34002,"Позиции противника на Лисичанском желатиновом заводе выявляются с помощью коптеров и накрываются артиллерией.

@sashakots",No,
112,1498939244,36258,"Путин встретился с врио главы ДНР Пушилиным в Кремле.

Президент заявил, что ситуация с обеспечением безопасности в Донецке острая, учитывая обстрелы Киевом жилых районов города, это отдельная тема, которую он хочет обсудить с Пушилиным.

Ранее сегодня Президент провел встречу с врио главы ЛНР Пасечником.",Yes,B
113,1511148555,11725,"**Дмитрий Медведев:**

«Чем лучше, по информации украинских СМИ, там работают силы ПВО, тем хуже обеспечение страны электричеством и водой. Требуется вдумчивое исследование установленного парадокса»",No,
114,1457892982,27952,"⚡️**Армия США может принять участие в войне в Украине, — **[экс-директор](https://www.lexpress.fr/actualite/idees-et-debats/david-petraeus-ex-cia-une-force-dirigee-par-les-etats-unis-pourrait-intervenir-en-ukraine_2182249.html)** ЦРУ Дэвид Петреус

**«США и другие страны могут отреагировать на действия России тем или иным образом, но как многонациональная сила под руководством США, а не как сила НАТО».

[Информатор](https://t.me/+LV7tr2_vgu02NjAy) | [Подписаться](https://t.me/+LV7tr2_vgu02NjAy)",No,
115,1469021333,10532,ГУР: Путін готує теракт на ЧАЕС,No,
116,1144404150,13524,"**11 апреля 2014 года, Славянск 

**Этот сюжет украинского телевидения - славянского телеканала – один из немногих доступных до сих пор, здесь хорошо видно, чего на самом деле хотели жители этого города .
**11 апреля 2014 года, Славянск 

**Этот сюжет украинского телевидения - славянского телеканала – один из немногих доступных до сих пор, здесь хорошо видно, чего на самом деле хотели жители этого города .

https://www.youtube.com/watch?v=3bl8OkF_to8",No,
117,1144404150,14425,"❗️Воздушная тревога объявлена в западной и центральной Украине.

@warjournaltg",No,
118,1283359437,39745,"От Суда не уйти никому! Умер Горбачев. Да воздаст ему Господь!

@voenkorKotenok",Yes,A
119,1366346975,50159,"Известный русофоб Альфред Кох негодует. Он то всерьез воспринимал украинскую пропаганду и наверняка слушал Арестовича, а в августе наступило прозрение:

__""Вот и прошёл сто шестьдесят первый день войны. Я уже перестал что-то понимать. Нам так много говорили, что вот-вот начнётся украинское наступление на Херсон, что я всё никак не могу привыкнуть к тому, что те же говорящие головы, которые нам лили в уши про это наступление, теперь, без всякого перехода, предлагают нам ждать российского наступления от Херсона на Николаев и Кривой Рог.

Нам так долго рассказывали, что российская артиллерия осталась без снарядов, что нам опять нужно привыкать к тому, что она шесть дней к ряду засыпает снарядами Донбасс. Нам говорили, что у Путина уже нет резервов. Но перекинув 30 БТГ под Херсон, у него всё ещё есть силы продолжать наступление на Бахмут и Авдеевку.

**Ребята! Хватит врать. Расскажите все как есть. Шойгу утверждает, что он уничтожил шесть HIMARSов. Вы утверждаете, что это ложь. Но почему тогда ещё неделю назад вы за ночь уничтожали по 10-15 складов противника, а теперь только по четыре-пять? Он утверждает, что уничтожил пять HARPOON. Если это неправда, то почему с тех пор, как они появились на вооружении ВСУ, не было потоплено ни одного корабля Что, вообще, происходит? Почему вместо войны Офис Президента занят разборками с Днепровскими? 

Украинские пропагандисты в один голос рассказывают нам про то, что путинские вояки больше не возьмут ни одного крупного города. Тогда зачем тотальная эвакуация из Донецкой области? Это на шестой-то месяц войны! А почему её не провели раньше, когда русские наступали? И почему ее проводят теперь, когда риска такого наступления нет? Или есть?

**На дворе август. Это был тот дедлайн, который вы называли как крайний срок для перехода ВСУ в наступление. Нам все ещё ждать его или у вас теперь есть новая дата? Если да, то назовите её. И объясните причины переноса. Только не надо заводить старую волынку про то, что Запад плохо помогает. Запад вас в эту войну не загонял, а даже наоборот, пытался помирить вас с __Путиным__. За что вы Запад презирали и гордились своим молодечеством. 

И теперь он помогает как может. Миллиарды кэша почти каждый день сыпяться как из рога изобилия. У вас уже западных РСЗО почти столько же, сколько у британской армии. Европа готовится замерзать зимой, но отступать не намерена. Так что хватит про ""плохой"" Запад. Давайте уже, наконец, про танцора и что ему мешает в реальности"".

__Обманули в лучших чувствах и ожиданиях. 😀",Yes,B
120,1144404150,12126,"На сегодня Россия инициировала организацию гуманитарного коридора для жителей Мариуполя. По приезду на место, служащие полка «Азов» (на видео) говорили, что эвакуации не будет, потому что российская сторона кого-то там обстреляла. Реакция женщины ожидаема. 

Да, это ведь так логично, самим предложить коридор, а потом нарушить условия его предоставления, чтобы при штурме города быть стиснутым в ведении боевых действий, и чтоб обязательно страдали мирные.

Находясь в полном окружении, азовцы и остатки морпехи из 36-ой бригады, видимо совсем уже не видят выхода, раз не выпустили даже женщин с детьми.",Yes,B
121,1498939244,29594,"Предварительная явка по итогам двух дней референдума на освобожденных территориях:

ЛНР — 45,86%
ДНР — 55,05%
Запорожская область — 35,54%
Херсонская область — 31,79%

Референдум о присоединении этих регионов к России будет продолжаться по 27 сентября включительно.",No,
122,1080134301,19103,Последствия неудачной атаки ВСУ на позиции в ДНР,No,
123,1511148555,13485,"**⚡️ Глава ЧВК ""Вагнера"" Евгений Пригожин снова попросил прокуратуру РФ проверить YouTube. 

**Бизнесмен обратился к Генеральному прокурору РФ Краснову Игорю Викторовичу, чтобы тот проверил платформу на видеоматериалы, направленные на создание угрозы обороноспособности нашей страны и государства. 

`«Как и раньше, я полагаю, что в отношении YouTube должны быть приняты самые жесткие меры, так как эта американская онлайн-платформа грубо нарушает российское законодательство. Необходимо срочно остановить распространение недостоверной общественно значимой информации под видом достоверных сообщений, которая создает угрозу массового нарушения общественного порядка.""`

💤Как думаете, YouTube могут объявить нежелательной организацией в РФ?

👍 - Могут!

👎 - Нет

[Конфликт🔥Z Подписаться](https://t.me/konfliktworld)",Yes,A
124,1511148555,12177,"Публикует Тринадцатый:

Тут короче был наш рембат в Чернобаевке, там стоял металлолом, сожженная и разбитая техника, и наша и трофейная, её дербанили на запчасти от того, что вывозить это смысла не было, соответственно и бросили всё бесполезное говно там, но хохлы тут отмечают это как великую перемогу... Бля, мне кажется они скоро памятники времён ВОВ на постаментах будут снимать и говорить ""Нагорода! Перемога!"".... Дебилы блять 😂🤦🏻‍♂

И да, вы там под ножки везде смотрите, мы там вам много чего оставили😉
**
P.S. 1.хохол без двух ног-окурок.
       2.хохол без одной ноги-циркуль.**",No,
125,1469021333,9280,**Почалася партизанщина**,No,
126,1498939244,30918,"**🇷🇺🇺🇦💡 Что нужно сделать, чтобы нанести энергетической инфраструктуре непоправимый урон — разбор Рыбаря, список целей №1

**[**📌Разбор: для чего нужно бить именно по этим целям
**](https://t.me/rybar/40122)[**📌Вторая часть целей

**](https://t.me/rybar/40124)▪️**ПС Киевская 750 кВ** — **стратегический** элемент передачи мощности между западом и востоком страны, северный энергетический коридор с питанием Киевского энергоузла и связью с югом страны. Через нее перебрасывается мощность с **Ровенской**, **Хмельницкой** и **Южноукраинской** **АЭС** в **северные** и **центральные** районы Украины.

**Цель **— автотрансформаторы 750/330 кВ по фазе B:
➖АТ1 (750/330кВ) `50°29'35.8""N 29°41'28.6""E` 
➖АТ2 (750/330кВ) `50°29'34.8""N 29°41'42.3""E

`**▪️ПС Винница 750 кВ** — **стратегический** элемент передачи мощности между **западом** и **востоком** страны, **южный** энергетический коридор со связью с **Южноукраинской** **АЭС** и линией связи на **Киев**.

**Цель **— автотрансформатор 750/330 кВ по фазе B:
➖АТ (750/330кВ) `49°09'52.2""N 28°43'19.4""E
`  
▪️**ПС Заподноукраинская-750** — через нее распределяется электроэнергия от **Ровенской**, **Хмельницкой** и **Южноукраинской** **АЭС** по **западу** Украины и в **Венгрию**. Также на ней замыкается кольцо **северного** и **южного** энергокоридора. Автотрансформаторы мощностью 1000МВА.

**Цель **—автотрансформаторы 750/330 кВ по фазе В:
➖АТ1 (750/330кВ) `49°23'09.4""N 24°14'51.5""E
`➖АТ2 (750/330кВ) `49°23'09.2""N 24°14'57.2""E
`➖АТ3 (750/330кВ) `49°23'09.0""N 24°15'06.3""E

`▪️**ПС Днепровская-750 кВ** — через нее по южному энергетическому коридору передается мощность от **Южноукраинской** **АЭС** к **Днепропетровску**.

**Цель **— автотрансформаторы 750/330 кВ по фазе В:
➖АТ1 (750/330кВ) `48°26'05.0""N 34°02'10.8""E
`➖АТ2 (750/330кВ) `48°26'09.8""N 34°02'09.5""E

`▪️**ПС Конотоп 330/110 кВ** — приведет к потере возможности питать потребителей **Сумской** области от АЭС **запада** страны и ГЭС **центра**.

**Цель **— автотрансформаторы 330/110 кВ: 
➖АТ1 `51.191961, 33.165831
`➖АТ2 `51.192248, 33.166666

`▪️**Киевская ТЭЦ-6** — приведет к потере генерирующей мощности, питающей северо-восток **Киевской** и **Черниговскую** области.

**Возможные цели на территории ТЭЦ:
**➖Цех химводоочистки` 50.531327, 30.659951
`➖Здание турбинного отделения над генераторами `50.532837, 30.662402
`➖АТ1 `50.533115, 30.662063
`➖АТ2 `50.533108, 30.662736

`▪️**ПС Северная 330 кВ** — элемент передачи мощности в направлении **Запад** (от **Ровенской** и   **Хмельницкой** АЭС) — Восток с отбором мощности на **Киев**.
  
**Цель —** автотрансфоматоры 330/110 кВ:
➖АТ1  `50.613929, 30.381585
`➖АТ2  `50.613820, 30.382241
`➖АТ3  `50.613684, 30.383217

`▪️**ПС Бровары 330/110 кВ** — подстанция распределения электроэнергии на левобережную часть **Киева**, восток **Киевской области **и **Черниговскую область**.
  
**Возможные цели:
**➖Здание управления подстанцией `50.537945, 30.899362
`➖АТ1  `50.538313, 30.898871
`➖АТ2  `50.538342, 30.899876

`▪️**ПС Новокиевская 330/110 кВ** —  новая узловая подстанция распределения энергии от **Трипольской** **ТЭС** на правобережную часть **Киева**.

**Цель **— автотрансфоматоры 330/110 кВ:
➖АТ1  `50.329173, 30.436149
`➖АТ2  `50.328723, 30.437227

`▪️**Трипольская ТЭС** — **основная** электростанция **центральной** Украины и **Киевской** области с городом **Киев**.

**Возможные цели на территории ТЭС:
**➖Здание турбинного отделения `50.134797, 30.745385
`➖Т1  `50.134902, 30.744487
`➖Т2  `50.135006, 30.745171
`➖Т3  `50.135112, 30.745826
`➖Т4  `50.135258, 30.746636
`➖Т5  `50.135349, 30.747271
`➖Т6  `50.135498, 30.748106

`[**Карта в высоком разрешении

**](https://rybar.ru/piwigo/upload/2022/10/12/20221012083421-45d2ff9d.jpg)[English version

](https://rybar.ru/piwigo/upload/2022/10/12/20221012083424-3ddedd3d.jpg)#разбор  #Россия #Украина #электричество #цели
@rybar

*Поддержать нас: 4377 7278 0407 7977 | 0x4739352b67Da6F4064757627D92A08EaDd3fb6b6 (ETH) | 33i1BwMuzeYTAUNtiLa6CjvaHtTVYNJfnp (BTC)",Yes,B
127,1129015804,13130,"В северной Сирии арабо-курдские силы предотвратили побег семнадцати женщин и тридцати девяти детей из лагеря для родственников боевиков Исламского государства в провинции Эль-Хасака. Согласно заявлению ""Сирийских демократических сил"", контрабандист вывез заключенных из ""Аль-Хуль"" на грузовике с дровами, в котором были скрытые ниши. Силовики проследили за машиной до пункта назначения, а затем задержали родственников джихадистов и организаторов побега.",No,
128,1469021333,9268,**❗️Усі гравці збірної Польщі заявили про відмову від матчу з Московією**,No,
129,1093357968,9759,"В ДНР, ссылаясь на данные разведки, заявили, что киевский режим готовит очередную кровавую провокацию, аналогичную произошедшей в Краматорске, с последующей целью обвинить военнослужащих РФ в массовом уничтожении мирных жителей. 

[…] «__С этой целью в ближайшее время дивизионом 19-й отдельной ракетной бригады ВСУ будет нанесен удар комплексом «Точка-У» по скоплению беженцев на железнодорожном вокзале в населенном пункте Лозовая. 
Для имитации удара со стороны территории, подконтрольной силам РФ и ДНР, враг планирует запустить ракету из района поселка Старомихайловка, который находится на западной окраине Донецка».__

@epoddubny",Yes,D
130,1247556894,3160,"🚌**У столиці з 08:00 до 19:00 курсують близько 150 автобусів та понад 30 трамваїв

**✔️Актуальний перелік маршрутів наземного транспорту [можна знайти тут.](https://t.me/KyivCityOfficial/3147) У графік можуть бути внесені оперативні зміни.

🚃Орієнтовний інтервал руху автобусів – 30 хвилин, трамваїв – 15-20 хвилин, . На лінії швидкісного трамваю № 3 – 25 хвилин.",No,
131,1457892982,23787,"**⚡️Неожиданно. Борис Джонсон прибыл в Киев поздравить Украину с Днем независимости

**Британский премьер приехал не с пустыми руками и объявил о предоставлении Украине нового крупного пакета военной помощи на **$63,7 млн**, в который войдут **850 микродронов.

**Зная об опасности, он приехал не боясь русни, именно на праздник. Красавчик.

[Информатор](https://t.me/+LV7tr2_vgu02NjAy) | [Подписаться](https://t.me/+LV7tr2_vgu02NjAy)",No,
132,1129015804,12143,"В Сомали при проведении КТО в провинции Мудуг силовики ликвидировали семь боевиков связанной с ""Аль-Каидой"" группировки ""Аш-Шабаб"". Еще двоих террористов удалось задержать. На месте боестолкновения военные изъяли вооружение, средства связи и несколько придорожных СВУ. По информации минобороны Сомали, джихадисты готовили серию терактов против военнослужащих и мирных жителей.",No,
133,1129015804,14579,"В Пакистане при нападении боевиков в провинции Хайбер-Пахтунхва погибли трое военнослужащих, еще одиннадцать человек получили ранения. Инцидент произошел в округе Куррам, где нападавшие открыли огонь по погранпункту. При перестрелке военным удалось ликвидировать двух боевиков. По предварительным данным, террористы пришли с территории Афганистана. Ответственность за нападение пока никто не взял.

Ранее трансграничные теракты против ВС Пакистана [совершали](https://t.me/directorate4/11861) боевики группировки ""Техрик-е Талибан Пакистан"".",Yes,A
134,1109403194,34154,"**Почему украинские войска бежали из подготовленного к обороне Лисичанска и главное – куда

**Украинскую армию готовили к тому, что ее будут **атаковать в лоб**, убедился военкор ""КП"" [Александр Коц](https://t.me/sashakots). Это отлично видно по тем фортификациям, которые были возведены вокруг города. Целая сеть окопов, которые переходят в бетонные укрытия, встречает прямо на въезде в Лисичанск. Он стоит на возвышенности, а это еще одно преимущество обороняющихся. Минные заграждения продолжают находить до сих пор, противопехотными ""лепестками"" засыпаны целые улицы. А в промзонах – бункеры, немногим уступающие подземельям ""Азовстали"". Союзные силы смогли совершить такой бросок, какого **Киев от них явно не ожидал**.

💬 __Когда мы заходили, здесь их уже не было. Они отходили в город, перегруппировывались и колоннами пытались выйти. Не всем это удалось,__ – командир батальона 4 отдельной мотострелковой бригады ЛНР ""Леший"" пояснил, что **опыт Северодонецка и Мариуполя** научил многому. ВСУ отошли в район Северска, там они закрепляются, город окопан неплохо, но это не остановит.

[Подробнее

](https://www.kp.ru/daily/27414/4612796/?from=tg)[Подписаться на @truekpru](https://t.me/+p3pOHrMFlcI0NWRi)",Yes,C
135,1457892982,24648,"**""Сидим в Балаклее, ждём маршрутку на Белгород"" и злорадствующий смех😂

**Наши бойцы — лучшие💪🏻

[Информатор](https://t.me/+LV7tr2_vgu02NjAy) | [Подписаться](https://t.me/+LV7tr2_vgu02NjAy)",No,
136,1498939244,36754,Также Киев/ область. Есть второй зафиксированный прилёт,No,
137,1457892982,30536,"**Российские вояки выпустили по Украине «всё, что у них было», кроме иранских дронов-камикадзе. Даже впервые запускали Ту-95 из Энгельса. Раньше такого не было, — спикер Воздушных сил ВСУ Юрий Игнат
** 
[Информатор](https://t.me/+LV7tr2_vgu02NjAy) | [Подписаться](https://t.me/+LV7tr2_vgu02NjAy)",No,
138,1457892982,29359,"**⚡️Помощи Украине будет больше. Администрация Байдена добивается от Конгресса выделения дополнительного финансирования для Украины,** — СМИ со ссылкой на Белый дом

Русня, лицо?😏

[Информатор](https://t.me/+LV7tr2_vgu02NjAy) | [Подписаться](https://t.me/+LV7tr2_vgu02NjAy)",Yes,B
139,1511148555,9329,"Пидарас Зеленский на заседании Совбеза ООН заявил, что если Россия признает результаты референдумов, то ему с Путиным больше не о чем разговаривать 

«Признание Россией этих псевдо референдумов как нормальных, осуществление сейчас так называемого «крымского сценария», ещё одна попытка аннексировать украинскую территорию будет означать, что нам не о чем говорить с президентом России. Аннексия это тот шаг, который ставит его один на один  против всего человечества. И сигнал требуется от каждой страны в мире. Я верю в вашу способность действовать»

💤По тебе ублюдок уже давно вопрос закрыт!",Yes,C
140,1457892982,27641,"**У России нет шансов победить на поле боя и она пытается терроризировать мирное население Украины — Президент Зеленский

**Он уточнил, что за последние 12 часов наши ПВО сбили в небе над Украиной 37 иранских дронов и несколько крылатых ракет. 

[Информатор](https://t.me/+LV7tr2_vgu02NjAy) | [Подписаться](https://t.me/+LV7tr2_vgu02NjAy)",Yes,C
141,1457892982,28558,"**Чмобик из Псковской области поставил новый рекорд по попаданию в плен. Российские вояки, берите пример😏

**[Информатор](https://t.me/+LV7tr2_vgu02NjAy) | [Подписаться](https://t.me/+LV7tr2_vgu02NjAy)",Yes,D
142,1080134301,16454,В интернет снова слили чистый голосочек поющей Ольги Бузовой,No,
143,1247556894,2421,"🙏🏻**Київ та медики столиці дякують ФК «Динамо» за благодійну допомогу медзакладам, які цілодобово допомагають пораненим під час воєнних дій

**✔️Уже завтра гроші будуть працювати на порятунок життя та збереження здоров’я людей. Кошти перераховують безпосередньо на рахунки медзакладів і витрачатимуть на медикаменти та необхідні матеріали.

🧑🏼‍⚕️Сьогодні київські лікарі працюють у надскладних умовах і  підтримка для них – безцінна.


🤍💙 **Разом переможемо!**",Yes,A
144,1109403194,36995,"300 тысяч мобилизованных. У нас - 318 тысяч. Почему 318? Потому что добровольцы. Количество добровольцев - оно не сокращается. Из них сорок девять тысяч, по-моему, находятся уже в войсках, выполняют боевые задачи. Все остальные пока занимаются подготовкой — Путин

@sashakots",No,
145,1366346975,52568,"Z-каналы внезапно, спустя пол года войны, озаботились кадровой политикой на территориях Херсонской, Запорожской и Харьковской областей. [Выясняется, что там затесались агенты СБУ и вымогают деньги с фермеров.](https://t.me/voenacher/27495) Там агенты СБУ не затесались, а полностью заполнили профильные структуры, созданные на территориях. И не только бывшие сотрудники СБУ, но и бывшие менты, бывшие бандосы, аферисты, рекетиры, насильники, педофилы. И знаете ли ""вымогали с фермеров деньги"" это ещё по-человечески, могли б и совсем попасть. Таких персонажей там полно. Стремоусов, кстати, которого на Совбезе обсуждали, насколько я понимаю, как раз ни в чем подобном не заляпался. Таких держат при местных администрациях для публичности, чтоб за их спиной рвать до чего можно дотянуться. Кадровую политику необходимо проинспектировать? Конечно нужно! А ещё лучше было бы с самого начала не привлекать во власть криминалов, рейдеров и двойных агентов. Если хотелось эти территории интегрировать в РФ",No,
146,1093357968,8469,"❗️Сотрудники Службы безопасности Украины вместе с офицерами Национальной разведывательной организации Турции посетили север Сирии, сообщил военно-дипломатический источник РИА Новости. 

Сотрудники СБУ обсудили в Сирии возможность привлечения боевиков к событиям на Украине.
#Украина

@new_militarycolumnist",No,
147,1511148555,13054,ЗаПТУРили каких то хихлов,No,
148,1498939244,34309,💥Нанесены удары по объекту в Запорожье. В части города нет света,No,
149,1144404150,19816,"Разбитая украинская колонна в составе танка Т-64ВБ, БМП-1, грузовика ЗИЛ-131 и трофейного БТР-82А.

@milinfolive",No,
150,1366346975,52992,"**Вот это видео полиция кипрского города Ларнака убедительно просит не распространять из уважения к культурным особенностям украинского народа.**

А особенности у него, значит, такие: пьяная невдекватная бабища с ножом и нечеловеческими орами влетает в толпу людей, мирно праздновавших вчера День Государственного Флага Российской Федерации на острове в своей обособленной компании. 

Бешеное животное, к счастью, почти мгновенно задержали местные правоохранители, им оказалась уже два десятка лет чисто по-украински патриотично проживающая на Кипре киевлянка, на которую, по-видимому, российский триколор подействовал как распятие на беса.

Сообщается, что представители Россотрудничества, чьи коллеги принимали участие в акции, уже обратились в Следственный комитет РФ с просьбой о возбуждении по данному факту уголовного дела.

@opersvodki",No,
151,1093357968,8466,"«__В первые пять дней российские силы, честно говоря, были слишком деликатными. Сейчас они исправились, так что, я считаю, в течение десяти дней на __Украине __все будет закончено».__

Так считает полковник армии США в отставке Дуглас Макгрегор. 

Макгрегор говорит, что «Зеленскому нужно принять реальность и смириться с нею». 

А реальность такова, что ни армия, ни нацбаты, ни региональные власти ему уже не подчиняются. В городах хаос, паника, голод и смерть. И сколько бы Зеля ни записывал свои видеообращения, никакого духоподъемного эффекта они не возымеют. 

От его непринятия действительности на Украине сейчас страдает (это мягко сказано) миллионы людей. От рук боевиков гибнут сотни. В заложниках людей держат целыми городами! 

Встречала мнения, что лучший вариант для Зеленского на сегодня - застрелиться. Нет, такого произойти не должно. Толку?
Зеленского, как и его предшественника, нужно судить. 
Возможно, мое мнение непопулярно и, в какой-то степени, наивно, но такая «показательная порка» должна быть.

Сейчас, [когда наши парни](https://t.me/epoddubny/8458), и военные, и спецкоры, работают - одни физически зачищая Украину от нацисткой грязи, другие - освещая ход их работы, у нас, кому не стыдно быть русскими, есть только одно пожелание - работайте! Не останавливайтесь! За вами народ России!",Yes,A
152,1457892982,28540,"**Стремоусов передумал и удалил старое видео: круглосуточный комендантский час в Херсоне отменяется🤡

**[Информатор](https://t.me/+LV7tr2_vgu02NjAy) | [Подписаться](https://t.me/+LV7tr2_vgu02NjAy)",No,
153,1080134301,14276,"«Новый» Макдональдс будет называться **«Вкусно и точка»** – теперь официально.

Открытие назначили сегодня на** 12:00,** возле забегаловок уже собрались очереди.",No,
154,1283359437,41832,"Шебекино в Белгородской области под сильным обстрелом ВСУ. Били по торговому центру. Тяжело ранены двое жителей.

@voenkorKotenok",Yes,A
155,1457892982,31048,"**Планы оккупантов разрушились: Новый год Украина вероятнее всего будет праздновать со светом 

**Так, гендиректор компании Yasno заявил, что **в Киеве текущий уровень доступности электроэнергии достаточно высок** и есть вероятность, что** ""скоро вернёмся к дообстрельному уровню"".

**Для нового удара россиянам понадобится время (обычно это больше недели), поэтому, **скорее всего 2023 мы встретим со светом.

**[Информатор](https://t.me/+LV7tr2_vgu02NjAy) | [Подписаться](https://t.me/+LV7tr2_vgu02NjAy)",Yes,B
156,1511148555,8582,"**🔥****Приезжайте, хохлы, к нам! Ваши бэхи хорошо горят!

Кадры последствий нескольких атак украинской бронегруппы под Харьковом. Укропидоров вовремя обнаружили наши дроны, ну а дальше - дело ПТУРщиков****🤣**",Yes,B
157,1283359437,39226,"Министр обороны киевского режима Алексей Резников рапортует о прибытии из Великобритании новой партии РСЗО M270 MLRS. Также выражает надежду, что скоро будут новые ""подарки"".

@voenkorKotenok",No,
158,1080134301,20183,"Некоглая наконец-то депортировали в Молдову и он сразу же записал видео, подобное тому, из-за которого все началось.

Хотя на втором видео, которое записывал неделю назад, он слезно уверял, что все осознал, кается и просит простить его, если это только возможно. **Вот так, как только почувствовал свободу сразу переобулся...**",No,
159,1498939244,34247,За прошедшие сутки на территории ДНР от украинских обстрелов погиб 1 мирный житель и еще 4 получили ранения — Штаб Теробороны ДНР,Yes,A
160,1283359437,44091,"Село Вязовое Краснояружского района Белгородской области обстреляно с территории Украины.

Поврежден ряд домов. Информация о пострадавших уточняется.

@voenkorKotenok",Yes,B
161,1093357968,8527,"Ростовская область готова к приему беженцев с Украины, которые прибудут по гумкоридору — местные власти

Из Мариуполя открыт зеленый коридор по кратчайшей дороге на территорию РФ

@epoddubny",No,
162,1109403194,35065,"❗️**Массовые проверки в Харькове. Ищут корректировщиков и просто сочувствующих России
** 
Ранее** “Иди и смотри”** [сообщал ](https://t.me/smotri_z/4348)об отправке группы оперативников в Харьков для масштабной проверки граждан. К сожалению, наша информация полностью подтвердилась.
 
__“С самого утра в городе массовые проверки. Особенно в местах массового скопления людей: на остановках, в магазинах и метро”__, — рассказал источник канал.
 
По его словам, традиционно проверяют телефоны в поисках переписок и подписок на российские СМИ и Telegram-каналы. Также украинские силовики останавливают и личный транспорт. 
 
Очевидно, что поймать настоящих корректировщиков такими примитивными методами почти невозможно. Однако это неплохой предлог для подавления любого инакомыслия, чем украинская власть и занимается с момента своего образования.

**__@smotri_z__**",Yes,D
163,1457892982,25057,"**⚡️Варваровка Харьковской области — Украины. А это н.п. у самой границы с РФ

**Российск вояк там больше нет.

[Информатор](https://t.me/+LV7tr2_vgu02NjAy) | [Подписаться](https://t.me/+LV7tr2_vgu02NjAy)",No,
164,1080134301,18891,"""**Пизда нам... пизда**""

Кадры стрелкового боя глазами ВСУ",No,
165,1457892982,28943,"**Ого, маєш класний кавун😂

**[Информатор](https://t.me/+LV7tr2_vgu02NjAy) | [Подписаться](https://t.me/+LV7tr2_vgu02NjAy)",No,
166,1469021333,13991,"[**🔄**](https://deepstatemap.live/)**Ситуація на фронтах станом на 6** **вересня

**🔘На **Харківщині** москалі намагаються знайти слабкі місця біля **Уд та Світличного**. Ворог заявив що дістався Шестакове, проте в нас нема причин вважати це правдою. На захід від **Балаклії** розпочалися активні бойові дії, про це вже повідомили всі, хто тільки може. Операція триває, рекомендуємо не поширювати відео з того напрямку, поки не буде офіційного повідомлення. На одному з найбільших пропагандистських ресурсів москалі підтвердили втрату села **Яковенкове**.

▪️Також, згідно наших даних в **Довгенькому** перебувають значні сили ворога, які сковують наші сили на цілому фасі фронту. 

🔘**Бахмутський **відтинок - Озерне: зараз в селі нікого немає. З приводу **Старого Каравану** аналогічна ситуація була майже місяць тому. Тому кадри, які поширюються і вже геолоковані або не свіжі або це нова невідома нам спроба закріпитися там. Враховуючи, що відео опубліковані то схиляємося до першого варіанту.

▪️Біля **Соледару** ситуація складна. ""Пастухи"", саме так називають зеки своїх командирів, пускають їх же на штурм наших позицій. Зеки ведуть штурм в стилі Дункана Маклауда, тому їхніми трупами всіяно аж до наших окопів.

▪️Уточнення біля **Майорська**, воно не було зайнято кацапами. 

🔘**Авдіївський** відтинок - ворог шукає слабкі місця біля **Авдіївки** і наносить удари по нашим позиціям. Можливо, готуючись до більш активних дій. Під питанням ситуація в Новоселівці, можливо наші мають частковий успіх. На **південь** від **Олександрівки** (біля Мар'їнки) ворог вирівнює фронт і має успіх за рахунок переваги в артилерії.

🔘**Запорізький **відтинок - чекаємо офіційних повідомлень. Біля **Нестерянки** уточнено ситуацію. Враховуючи час останнього уточнення, то невідома ситуація на південь від **Мирного**.

🔘**Херсонський** напрямок - 128 ОГШБ підняла прапор над **Нововознесенським**. Зі звіту ОК ""Південь"" випливає перехід **Новогреднєвого та Шмідтового** в сіру зону.

🔴У випадку **неточностей на карті**, ви можете нам повідомити через бот @newsdeepstatebot. 

↔️Нагадуємо, що в загальному доступі не може існувати точної карти бойових дій, а інформацію, як переможну так і не дуже, завжди краще сприймати зі скепсисом і чекати візуальних підтверджень чи повідомлення ГШ ЗСУ. Ну і звісно, довіряйте перевіреним джерелам.",Yes,A
167,1366346975,53928,Зеленского на Западе теперь видят вот так. Риторика меняется.,No,
168,1366346975,49621,"Еще прилеты. На этот раз по улице Гурова. Ранены двое мужчин, один тяжело",Yes,A
169,1469021333,10139,"Мархалівка, Васильківщина. 5 загиблих, 3 з них діти",No,
170,1109403194,37398,"🇷🇺Бойцы спецназа Западной группировки показали кадры боевой работы с использованием средств, переданных через фонды помощи ВС РФ. 

__На видео: работа снайперов через тепловизионный прицел, обнаружение позиций врага и корректировка огня артиллерии.

__@razved_dozor",No,
171,1498939244,34336,"🇺🇦Подоляк снова отжигает: Шебекино Белгородской области можно обстреливать, потому что это село, а Киев - нет, потому что это другое, понимать надо. А когда по какому-то украинскому селу прилетает, сразу начинаются нытье и хрюканье

Война История Оружие 
[Подписаться на канал](https://t.me/warhistoryalconafter)",Yes,B
172,1129015804,14101,"Всего жертвами теракта в г. Стамбул стали шесть человек, еще восемьдесят один пострадал. Президент Турции Реджеп Тайип Эрдоган заявил, что к взрыву, скорее всего, причастна женщина, оставившая сумку на туристической улице. Силовики объявили ее в розыск. В сети появился кадр с камеры видеонаблюдения с подозреваемой. Один из турецких политиков даже заявил, что на скриншоте юрист, защищающий права курдов в стране. Однако позже он удалил сообщение.

Публикация политика всего лишь отражение настроения в части турецкого общества. Вероятней всего, если о причастности к взрыву не объявят джихадисты, власти обвинят в теракте курдскую ""Рабочую партию Курдистана"" (РПК). Это может стать поводом начать [военную операцию](https://t.me/directorate4/12610) в Сирии, которая, несмотря на громкие слова, откладывается уже около года. В случае возложения ответственности на курдов теракт окажется одним из рычагов давления на стремящиеся в НАТО Швецию и Финляндию, которые отказываются выдавать участников РПК.",Yes,A
173,1093357968,8906,"В Ливне растет спрос на шевроны с буквой «Z»

Продавец в одном из магазинов с военной одеждой в Бейруте рассказала РИА Новости, что изначально шевроны были напечатаны на зеленом фоне, однако после появления спроса у покупателей, владелец военторга напечатал шевроны в чёрном цвете и с российским триколором.",No,
174,1469021333,12692,"🐏🚶🏾‍♂️**Кадирівські вівцетрахи знову воюють з повітрям

**До лютого 2022 року в суспільстві в Україні, Московії та в світі був стереотип, що кадирівці - великі воїни, які не бояться смерті і мають хорошу військову підготовку, проте війна розвінчала міфи. Насправді кадирівці просто тікток воїни, а в справжніх боях вони несуть значні втрати на рівні з взятими на строкову службу восени молокососами. 

Весь світ боявся, тепер сміється. Сподіваємося, що їх вороги в арабських країнах це бачать і готуються.",Yes,A
175,1283359437,40792,"18+ Украинская ДРГ, [ликвидированная](https://t.me/ChDambiev/19652) на Херсонском направлении.

@voenkorKotenok",No,
176,1366346975,51927,"Эхо боёв за Мариуполь. Разбитая и уничтоженная украинская техника,
Фото от подписчика
@Ugolok_Sitha",No,
177,1536211233,1350,"⚡️**US Senate to vote on $40bn Ukraine aid bill on Wednesday
**
US Senate Republican Leader Mitch McConnell has said he expects the Senate to vote on $40bn in proposed aid to Ukraine on Wednesday after holding a related procedural vote on Monday.

**⚡️В среду Сенат США проголосует за законопроект о помощи Украине на 40 миллиардов долларов
**
Лидер республиканцев в Сенате США Митч Макконнелл ожидает, что Сенат проголосует за помощь Украине в размере 40 миллиардов долларов в среду после проведения соответствующего процедурного голосования в понедельник.",No,
178,1080134301,18082,Когда мобилизовали тиктокера,No,
