Sr. no.,Channel ID,Post ID,Post
1,1457892982,24910,"Сводка от Конашенкова

[Информатор](https://t.me/+LV7tr2_vgu02NjAy) | [Подписаться](https://t.me/+LV7tr2_vgu02NjAy)"
2,1080134301,17955,Прилет по пикапу ВСУ
3,1457892982,26816,"❗️Центр Киева

[Информатор](https://t.me/+LV7tr2_vgu02NjAy) | [Подписаться](https://t.me/+LV7tr2_vgu02NjAy)"
4,1469021333,12944,"**🎥Ще одне відео, локація та сама**"
5,1498939244,33128,"Все таки правильно себя польские паны с хохлами ведут, как с собаками, сапогом в морду. Потому как если хохлу его место не указывать, он говорить гадости начнет. Вот перестали угарать над вечно просящим с протянутой рукой хохлом, он чужие деньги считать начал.

Место у хохла одно - на паперти церковной, западным хозяевам в ноги кланяться, да землю донбасскую собой удобрять."
6,1283359437,40263,"Так в эти минуты выглядит харьковское метро. Город обесточен.

@voenkorKotenok"
7,1498939244,32420,"ЕС выделил Украине 25,5 миллионов евро на поддержание энергосистемы и предоставил энергооборудование «на миллионы евро», — Еврокомиссия"
8,1457892982,23711,"**Хорошее назначение. И фамилия интересная. Как раз для таможни.

**[Информатор](https://t.me/+LV7tr2_vgu02NjAy) | [Подписаться](https://t.me/+LV7tr2_vgu02NjAy)"
9,1536211233,1672,"**⚡️Zelenskyy: 15 people were killed in Dnipropetrovsk region, 50 more wounded**

A Russian missile struck the Chaplyne railway station. At the moment, 4 passenger cars are on fire. At least 15 dead and 50 wounded are known at this time.

**⚡️Зеленский: 15 человек погибли в Днепропетровской области, еще 50 ранено**

Российская ракета попала по железнодорожной станции Чаплино. На данный момент 4 пассажирских вагона горят. Известно по меньшей мере о 15 погибших и 50 раненых на данный момент."
10,1283359437,37629,"ВСУ с самого утра продолжают обстреливать Донецк из натовской артиллерии.

@voenkorKotenok"
11,1469021333,13431,"**🧨Кацапи стверджують що відбулася бавовна на Антонівському мосту

**[Магазин](https://deepstateua.shop/)▫️[Твітер▫️](https://twitter.com/Deepstate_UA)[Ютуб](https://www.youtube.com/channel/UCMGRXVYg1wMA6e4zTGX-DwQ)▫️[Мапа](https://deepstatemap.live/)▫️[Написати нам▫️](http://t.me/newsDeepStatebot)[Звіти](https://sites.google.com/view/deepstate-donate/report?authuser=0)"
12,1164348791,5797,"ПО РОССИЙСКОМУ ХОККЕЙНОМУ ВРАТАРЮ ОДИН ТОЛЬКО ВОПРОС: «ЗАЧЕМ ВСЁ ЭТО ДЕЛАЕТСЯ»! 

Похоже не на принцип, а на чьи-то частные разборки."
13,1283359437,38172,"⚡️Джонсон подтвердил уход с постов премьер-министра Великобритании и лидера Консервативной партии.

@voenkorKotenok"
14,1498939244,35223,Взрывы звучат также и в Херсоне.
15,1366346975,57468,"🇬🇧👑☠ Психологически многие люди склонны привязываться к людям, которых они считают выше себя, практикуя преднамеренную вежливость или преувеличивая проявление накопившихся эмоций и радости... Это указывает на несколько психологических возможностей для человека. Все они вращаются вокруг эго или чувства бесполезности, психологической пустоты и ощущения, что им нужно брать свою собственную ценность из более высокого источника... 
Например, мы видим, что после смерти Елизаветы Виндзор многие арабские художники и деятели культуры бросились утешать британское правительство и королевскую семью... Как будто они были такими же королями , как они сами .. Как будто утешение достигнет ее семьи или что утешение уже касается их.. Эти скорбящие чувствуют, что этим поступком они присоединяют себя к классу Елизаветы и классу королей, как будто рупор говорит (Мы должны быть утешены! Это наш долг! Мы, как короли и дворяне, должны чувствовать друг друга ).. И конечно. И случайно это всегда эти утешители. С тех пор как этот метод стал образом жизни, трудно понять, когда остановиться, они часто из самых ничтожных, смешных и низших слоев общества... 
Моя дорогая с высоким чувством ... Семье Виндзоров и другим преступникам все равно, утешаете ли вы их, и им все равно, добровольно ли вытираете им обувь или нет.. Нет никакой необходимости во всем этом пресмыкательстве...
Так что помни, что ты есть. Религиозный человек, правозащитник или художник, которого утешили.. Что это явление на фотографии, возможно, вы даже не мертвы.. Она королева банды преступников, которые разграбили мир во имя свободы.. Например, ее корона стоимостью более 400 миллиардов долларов ничтожна, ни один бриллиант в ней никогда не был найден в Великобритании.. Все они украдены из Индии, Африки и других стран, которые были порабощены этой королевой и ее предками..
Будьте внимательны... Унижение или, возможно, глупость делают человека амбивалентным без чувства... Думайте о каждом случае, когда вы решаете опубликовать что-то в социальных сетях.. Нет необходимости в этих отвратительных проявлениях, которые указывают на реальный кризис идентичности... Елизавета не касается вас ни вблизи, ни издалека, хотя она хорошая королева... Оставь ее ее народу .. И страны Содружества, которые его контролировали, насчитывающие более пятидесяти... Если вы родом из засушливой аравийской пустыни, отдаленных гор Леванта или Верхнего Египта, вам можно приписать смерть феномена на фотографии. Это не сделает вас более благородным или не заставит здравомыслящих людей почувствовать, что вы британец..."
16,1283359437,42905,"Это старец Илий в петербургском Соборе Спаса-на-Крови.

Там до сих пор музей, но, проезжая мимо храма на днях, старец зашёл и сказал, что хочет служить здесь.

Сегодня утром храм был полон. Иконы перестали быть экспонатами и ожили, а из Царских врат потянулся тихий свет святого наших дней и сослужащих ему Литургию.

Но почему-то мне немного тревожно, когда гляжу на это фото.

Да, храм Спаса-на-крови, потому что построен на месте убитого царя Александра II, но сейчас Россия воюет тоже под стягами Спаса и это тоже Спас-на-крови. 

На днях старец, который часто говорит чуть сложно и не сразу понятно, сказал как-то очень прямо о просто - о том, как нам победить в этой войне с ""вселенским злом"". Три вещи:

1. ""**Русский народ должен отказаться от дьявольской коммунистической идеологии, осудить её как неприемлемую в нашем христианском обществе**"" - то есть разобраться, наконец, кто мы и перестать мирить святых и иуд нашей истории, палачей и их жертв - это оскорбляет Бога и путает нас. 

2. ""**Мы должны запретить на
 государственном уровне аборты, в которых гибнут тысячи и тысячи будущих граждан России""** - тут все понятно. Эпидемия абортов - это война без войны. Самоубийство нации и уродование жизни её женщин и недо-отцов. К тому же это убийство самых беззащитных - оно кричит Богу об отмщении

3. ""**И ввести строгое наказание за гнусную матерную ругань, оскверняющую всю нашу Русскую землю**"". То есть лексика, которая всегда была известна как анти-молитва (потому и названа богохульством), которая ломает психику и на самом деле жизни - должна перестать считаться нормой, а тем более чем-то исконно русским. Это ложь о языке. И опасная ложь, потому что мат гонит от человека Христа и привлекает бесов. Бог ""затыкает уши"".

Вот и всё. ""Если государственные мужи услышат Божий призыв, то Россия низложит всех своих врагов, - сказал батюшка, - нашему народу будет дарована Победа. Нам будет помогать Сам Господь и Его Пречистая Матерь и всё Небесное воинство""

Не все вместят эти слова теперь. Может, поэтому, и тревожно, когда гляжу на это фото."
17,1164348791,5453,"[​](https://telegra.ph/file/c65a3389e1625d812a849.jpg)УКРАИНА. КОГДА ЗАПАД НАЧНЕТ ПОСТАВЛЯТЬ ВСУ БОЕВЫЕ САМОЛЕТЫ И «ТОМАГАВКИ», ПРИ КАКОМ РАСКЛАДЕ? 
 
Собственно, Запад начал поставлять свои вооружения и боевую технику ещё задолго до начала нашей спецоперации на Украине. Но теперь масштабы выросли в сотни раз, - сорок государств, не стесняясь, работают «для фронта, для победы» Украины над Россией. И это не Мальта, Мальдивы или Маршалловы Острова. Это гранды мирового рынка оружия, сильнейшие экономики Европы и Азии.
 
Законодательная база поставок изменилась, в США уже дошли до закона о ленд-лизе. Хотя, номенклатура военно-технической помощи, пока, ограничена. Во всяком случае, перечень средств ведения войны, запрашиваемых Украиной гораздо шире перечня поставок. В начале пути скудность списка вооружений была понятна, - поставки шли скрытно и поэтому состояли из советских образцов вооружения и техники, которые Украина могла выдать за свои резервы или запуск собственных производств.
 
Перед началом СВО, и в ходе первого этапа операции, Украина массово получала противотанковые комплексы, переносные зенитные комплексы и стрелковое оружие. Проще говоря всё то, что смогут использовать потерявшие управление и технику группы пехоты (или партизан) для нанесения наибольших потерь российским войскам.
 
Однако, сейчас на Украину массово пошли артиллерийские системы и бронетехника, по неподтверждённым сообщениям вскоре будет и авиация, что ранее считалось ненужным. И это указывает на то, как натовские аналитики и стратеги переосмыслили план текущей войны.
 
Можно предположить, что за прошедшие два месяца они смогли понять «ограничения», которые Россия не перейдёт в своих действиях, а исходя из этого, от своего изначального плана, они переходят к новому, в котором украинская армия, сохранившая структуру и управляемость, продолжит вести общевойсковую войну. При этом она будет иметь не просто значительный человеческий ресурс, и бесконечное снабжение из районов, недоступных для ударов РФ, проще говоря, из заграницы.
 
Если попытаться развить подобную логику рассуждений, то в случае успехов ВСУ с новой техникой, если Россия не применит новую стратегию, то следующим этапом вполне может быть вход на территорию Украины уже полноценных экспедиционных войск, например, Великобритании. В любом случае теперь, в НАТО больше не считают войну заранее проигранной, а видят способы для её успешного продолжения.
 
Пока видят. Но, если что… А что что?"
18,1144404150,12061,"Минобороны России опубликовало кадры из уже освобожденной от ВСУ территории ДНР. Мариупольское направление.

@warjournaltg"
19,1109403194,33818,"Допрос оператора NLAW нашими разведчиками ЮВО.

Вот видно, что человек искренне хочет помочь, рассказать, разъяснить. 
Чуть раньше разведчики публиковали видео, снятое сразу после пленения этого украинского бойца.

Тоже, восхитительное зрелище.
Вообще, не понимаю, отчего у канала совершенно реальных, героических разведчиков так мало подписчиков. Олег странно.

Вам практически в режиме сериала выдают потрясающее, реальное видео с фронта. Причём, у автора (не знаю в каком он звании, но режиссёр он отменный), отличное чуство юмора (местами черного) и с иронией все отлично. 

И вообще, очень хорошо, что все больше боевых подразделений заводят свои ТГ каналы. Мы наконец-то видим реальных людей, рабочих войны. Настоящих профессионалов.

https://t.me/razvedkavpered/52"
20,1536211233,1127,"**Satellite images show bodies lay in Bucha for weeks, despite Russian claims

**Satellite imagery provided to the New York Times by Maxar Technologies shows that at least 11 of killed civilians have been on the street since March 11.

**Спутниковые снимки показывают, что тела убитых лежали в Буче несколько недель, несмотря на заявления России**

Спутниковые снимки, предоставленные New York Times компанией Maxar Technologies, показывают, что по меньшей мере 11 убитых мирных жителей находились на улице с 11 марта."
21,1093357968,11220,"Вот так сегодня выглядят все районы Донецка. 
Самый массированный обстрел за восемь лет. 

Украинские формирования прицельно бьют по медучреждениям и другим объектам инфраструктуры города. Хаотично наносят удары по жилой застройке. 

Зафиксированы попадания по Донецкому республиканскому центру охраны материнства и детства. Роженицы в бомбоубежище. 

Предварительно, за сегодня в Донецке погибло пять человек, более 20 получили ранения. 

@epoddubny"
22,1511148555,12600,"Вся суть пидорасов 😌

А в Одессе же тоже русские. Вот они прислушались к нему и вышли. А теперь он чем-то недоволен 😂"
23,1498939244,35645,Работа 152-мм пушки 2А36 «Гиацинт-Б» на Сватовском направлении и поражение вражеского танка
24,1080134301,21378,"В Красногорске мужчина перекрестился и пошел красть с ели, установленной в подъезде, новогодние украшения.

[🔞 Подписаться на Жесть Дня](https://t.me/zvoinaukraina)"
25,1247556894,5181,"[​​](https://telegra.ph/file/9cef43c18c60d7e377f0d.jpg)Сьогодні на пішохідно-велосипедному мосту фахівці демонтували пошкоджені вибухом російської ракети елементи скла.

А спеціалісти «Київміськсвітла» обстежили стан підсвітки перил. Освітлення відремонтують.

Скло замовляємо. На його виготовлення потрібно до трьох тижнів. І вже невдовзі наш оновлений міст знову буде радувати киян і гостей столиці.

Бо він тепер - не тільки один з туристичних символів Києва, а й символ незламності й стійкості України."
26,1283359437,43389,"Самолёт который на эту битву не пришёл.

Он принят на вооружение? 
 Принят.

Он прячется за спинами мигарей и сушек на поколение ниже?  
Да.

Он бился с украинскими истребителями? 
Нет.

Сотрите нахуй с него все звезды. 
Он их не заслужил. 
Ни одной.

Как сопли вытрет и подрастёт,  пусть приходит."
27,1457892982,25634,"**⚡️Украина снова угрожает Беларуси - Лукашенко🤦‍♂️

**По словам диктатора, Беларуси снова угрожает Украина и, очевидно, полк Калиновского. ""На Украине уже создаются некие не то полки, не то **батальоны для свержения не только власти**. Но для того чтобы перевернуть, **оторвать Белоруссию и присоединить к блоку НАТО**. Опять хотят новую Украину здесь в Белоруссии создать. Это недопустимо"", - сказал Лукашенко.

[Информатор](https://t.me/+LV7tr2_vgu02NjAy) | [Подписаться](https://t.me/+LV7tr2_vgu02NjAy)"
28,1511148555,8199,‼️🎇🎇🎇Фейерверк над позициями ВСУ в Донбассе.
29,1283359437,37281,"Продолжается обстрел Горловки, Макеевки, Ясиноватой. По Кировскому району Донецка работает украинская артиллерия.

@voenkorKotenok"
30,1469021333,9854,"Буча, мусор після окупантів"
31,1469021333,10121,"🔴Потрібна інформація про пересування московських військ

🔴Буча, склозаводська, гостомель, стоянка, Михайлівка рубежіка, забуччя

Пишіть в наш бот - @newsdeepstatebot"
32,1498939244,34724,**Авиационное предприятие ОАК в Комсомольске-на-Амуре (ПАО «ОАК» входит в Госкорпорацию Ростех) изготовило и передало Минобороны России очередную партию новых самолетов Су-35С.**
33,1144404150,11680,"⚡️⚡️⚡️МО РФ: Российские подразделения после высадки морского десанта вошли в Мелитополь, не встречая сопротивления.

@warjournaltg"
34,1457892982,27179,"**⚡️Илон Маск разговаривал с Путиным перед публикацией своих твитов с предложением ""мирного плана"" по Украине, — **[Vice](https://www.vice.com/en/article/ake44z/elon-musk-vladimir-putin-ukraine)** со ссылкой на политолога Яна Бреммера

**Издание утверждает, что в своей рассылке Маск написал, что Путин ""готов к переговорам"", но только в том случае, если Крым ""останется российским, и если Украина признает аннексию Россией своих территорий"".

Сам Илон Маск опровергает, что общался с Путиным.

Верим?

[Информатор](https://t.me/+LV7tr2_vgu02NjAy) | [Подписаться](https://t.me/+LV7tr2_vgu02NjAy)"
35,1109403194,37735,"Удар по больнице Калинина в Донецке попал в объектив камеры наружного наблюдения

@Makarr80"
36,1080134301,19770,"**Последствия прилета в Киеве**, как обычно всё замылено, так как украинцев зашугали тюрьмой за съемки прилетов на видео..."
37,1080134301,16710,"**Фермер из Херсона поздравил Украину с ""Днем незалежностi""

**Поздравил от всей души, что аж спалил украинский паспорт и флаг. Учитывая последние события и ужасные действия против своего же населения понять его можно более чем.

""Поле мое спалили ВСУшники. ВСУшники, не россияне"""
38,1498939244,30760,"За 2 дня было сожжено 6 пикапов и 1 танк. Идеальная связка коптер-ПТУР (Корнет с термобарической БЧ в данном случае).
В первом пикапе было 9 рыл, все отправлены в ад к Бандере.

Видео с канала парней из @zluchka_tactical"
39,1366346975,50650,"[Пробираемся в предрассветной мгле](https://t.me/rian_ru/173890) вдоль края деревни. Ночью ходить стало опасно. И вовсе не потому, что мы боимся ДРГ. 3 дня назад украинцы рассыпали здесь 4 кассеты с лепестками. Днем хотя бы есть шанс заметить эту мерзкую штуковину… Ночью сразу можно прощаться с ногами.

Война прошлась паровым катком по этим местам по пути встречаем разорванную на атомы третью «бэху», а через сто метров стоит сожженный «Казак» и украинская БРДМ. Уже ближе к посадке в нос бьет приторно-сладковатый запах белкового разложения. Природа забирает свое и расщепляет на простейшие соединения тех, кто совсем недавно считал себя разумным существом. Впрочем, забытые украинские трупы – это привычное явление. Никто о них даже не спрашивает. Пропал без вести. Точка. Так проще всем. 

Все подходы к городу плотно заминированы. Помимо лепестков все чаще стали встречаться немецкие мины. До этого часто находили противобортовые, а сейчас выкапывают противоднищевые DM31. С ними надо быть предельно осторожным. Они реагируют на металл. Стоит провести над ней автоматом и собирать тебя буду по окрестным полям.

Разведчики, которые ведут нас в общих чертах описывают последние фишки ВСУ. С той стороны стали формировать отряды удержания территории. Мобилизованных оставляют в посадках с легким вооружением. Тяжелее РПГ-7 и ПКМ в руки им ничего не дают. Их задача прокричать в эфир о приближении союзных войск и дождаться прибытия регулярных частей ВСУ с бронетехникой.

Под Соледаром есть огромные пещеры, в которых можно пересидеть ядерную войну. По словам разведчиков именно, там и держат основные силы украинцы. Артиллерия, и даже авиаудары не причинят этим галереям ни малейшего вреда. В Сирии я уже видел подобную тактику. Даже когда на пещеру скидывали 15 ОФАБ 500 внутри даже стаканы с полок не упали. 

Одним словом, украинцы берегут силы и пытаются минимизироваться свои потери. В подземных тоннелях просто накапливать резервы и отправлять усиление только на особо опасные направления. Одним словом – держаться они планируют долго. И союзным войскам необходимо трезво оценивать сильные стороны противника. 

Александр Харченко"
40,1164348791,6150,"ДОНЕЦК, «ГРОМКАЯ»МАРЬИНКА. В ПОСЕЛКЕ ЖИВЕТ ВСЕГО ОДНА СЕМЬЯ. 

Марина и Дитрий, они примерно одного со мной возраста - под шестьдесят. Настрадались. Украинские солдаты выгоняли этих людей из дома, а наших солдат, которые снуют мимо их временного пристанища они всех знают по позывным и именам. 

В их шалаше по пути на передовую - обязательно привал, перекур, глоток воды. Иногда, вокруг, ВСУ всё засыпают «Лепестками», российские солдаты разминируют. 

Сейчас семья с непривычной фамилией Личваха готовится к эвакуации в тыл."
41,1511148555,10698,"💡Энергоснабжение восстановлено на всей территории Украины, а веерные отключения больше не применяются, заявил премьер-министр страны Денис Шмыгаль

💤Какого хрена? Нужно калибрами починить!"
42,1498939244,33426,Мирного решения не будет 😎
43,1093357968,11845,"Друзья, за минувшую неделю благодаря вашей поддержке, сотрудники [Русской Гуманитарной Миссии](https://t.me/rgmagency/1061?single) смогли доставить ряд важных грузов в несколько районов ДНР и ЛНР - продукты питания, медицинское оборудование, вещи и подарки для маленьких жителей Республик. 

Спасибо! 

@epoddubny

Мы продолжаем сбор средств в пользу жителей ДНР, ЛНР и освобождённых районов Украины. 

2202 2032 5864 7967 карта МИР

bc1qava2vg3wgx8fvrxqeull77xy359yqrexwsuu80 BTC 

0x47D9b99b239aEE283ba10d8D4D6c2269b22b5208 ETH

rfmFjVDUa7z1a2XC74yQpirdzk76AtCqiZ XRP

LPxD7gErrWSqqwYvmvuzRorLBZ9oMQ1Ngh LTC"
44,1366346975,54658,"⚡️**Обстановка в Энергодаре на данную минуту:
**
– Миссия МАГАТЭ в сопровождении""Тигров"" ВС РФ прибыла в город и во главе с Рафаэлем Гросси начала обход Запорожской АЭС;

– Из-за массированных обстрелов Энергодар на данный момент обесточен, не работает мобильная связь, закрыто большинство магазинов и прочих общественных мест, на улицах фактически нет людей;

– Кроме того, в результате ударов была приостановлена работа пятого энергоблока электростанции;

– Власти Запорожья заявили, что попытка захвата АЭС украинским десантом координировалась британскими спецслужбами и МИ-6 из своей штаб-квартиры под Киевом, а участвующие в ней бойцы прошли военную подготовку за рубежом и приехали из Варшавы в Одессу 29 августа;

– Предварительно известно, что ДРГ планировала взять в заложники членов миссии и удерживать их на заминированной АЭС, предъявляя требования о выводе российских войск на территорию Крыма;

– Глава Миссии осведомлён о ситуации, также как и генсек ООН Гутерриш.

@opersvodki"
45,1366346975,54623,"Миссия МАГАТЭ у Запорожской АЭС. Рядом ходят солдаты из военной полиции.

https://t.me/bolshiepushki/2266"
46,1109403194,33150,"Особенности езды по трассе Бахмут-Лисичанск. Пусть вас не вводит в заблуждение гражданский транспорт. ВСУ давно используют его для доставки припасов.

@sashakots"
47,1457892982,27666,"**❗️Мэр Ивано-Франковска Марцинкив заявил, что враг обстреливает гражданскую энергетическую инфраструктуру Украины и призвал сделать запасы воды и зарядить телефоны

**[Информатор](https://t.me/+LV7tr2_vgu02NjAy) | [Подписаться](https://t.me/+LV7tr2_vgu02NjAy)"
48,1283359437,43582,"Спектакль с ""окровавленными письмами"", отправляемыми в украинские представительства за рубежом, продолжается. 

Очередная посылка якобы приехала сегодня в посольство Украины в Афинах, после чего туда вызвали саперов.

@voenkorKotenok"
49,1498939244,31903,"**США передали два первых зенитных ракетных комплекса (ЗРК) NASAMS Украине, сообщил Грег Хейес, генеральных директор Raytheon Technologies, которая производит этот тип вооружения.**

«Мы только что поставили два комплекса NASAMS. Мы передали два правительству пару недель назад. Уже сегодня идет их развертывание на Украине», сказал Грег Хейес в эфире телеканалу CNBC."
50,1469021333,8986,"Пишуть, що це десь на початку Житомирської траси"
51,1469021333,13971,"[🎉](https://i.imgur.com/8QQXKwI.png)**🇬🇧Ліз Трасс стає новим прем'єр-міністром Великої Британії — офіційно!

👑Вже** завтра, 6 вересня, її Величність королева призначить колишнього міністра закордонних справ  прем’єр-міністром Великобританії.

👏🏻Велика подяка Борису Джонсон(юку) за всю допомогу Україні та сподіваємось побачити його у Києві знову."
52,1283359437,39076,"По расположениям, позициям и огневым точкам киевских формирований в н.п. Харьков наносятся ракетно-артиллерийские удары.

Зафиксированы взрывы. Обстрел продолжается.

@voenkorKotenok"
53,1109403194,32858,"📻 **Радио ""Комсомольская правда**"". Радио, которое не оставит вас равнодушным!

Последние новости в России и мире, самая оперативная информация — в  Telegram-канале **@radiokp**.

 🎙Слушайте, читайте, [подписывайтесь](https://t.me/radiokp)!"
54,1498939244,31432,Винницкая область. Последствия прилётов предположительно по Ладыжинской ТЭС.
55,1498939244,35577,"Арестович анонсирует, что польские ЗРК «Пэтриот» будут сбивать российские ракеты"
56,1498939244,31388,С 14.10.2022 г. в действующей армии.
57,1511148555,11678,**🚀****💥****🔥****На Киевщине подымается дым после прилётов!!!**
58,1511148555,12924,"**""Нашему государству стоит готовиться к войне. Запретить российскую пропаганду. Я, как русская, рождённая в Казахстане , хочу сказать, что вы делаете русских здесь самыми ярыми националистами даже по сравнению с казахами""**

Русская в Казахстане стыдится, что имеет что-то общее с русскими и разжигает войну.
Она уверена, что именно русские в Казахстане становятся наци похлеще казахов
💤Просто сука забудь русский язык и всё.

[Конфликт🔥Z Подписаться](https://t.me/konfliktworld)"
59,1109403194,37531,"Самую неожиданную тему на СПЧ, конечно, подняла Елена Шишкина. Я даже не подозревал о наличии такой проблемы.

Оказывается в российских базах содержится вся информация об украинских судимостях жителей освобожденных территорий. И среди них - врачи, учителя, госслужащие, которые были осуждены, за госизмену, шпионаж, финансирование терроризма, пособничество терроризму и тд. 

Ну вы понимаете - это политические статьи, по которым судили за инакомыслие, любой намек на симпатии к России, поддержку Русского мира. И они сейчас для своей новой Родины - судимые за тяжкие преступления с соответствующим поражением в правах. Эти люди не могут заниматься предпринимательской деятельностью, быть опекунами, госслужащими.

При этом уже в России они не могут обратиться в суды, потому что по нашему законодательству, суд реабилитирует только тех, кто незаконно привлечен к ответственности судами РФ. Ну и, как бы, до сих пор наша Фемида считала, что все ок.

Путин сказал, что, конечно, эту ситуацию надо исправлять и снимать с людей судимости «за отсутствием состава преступления». Соответствующее поручение будет дано Генпрокуратуре.

@sashakots"
60,1498939244,32559,"Там щас хохло ТГ начали разгонять перемогу с пожаром в Брянске. 

На самом деле просто сильно горит то ли сарай, то ли хата."
61,1366346975,54489,"**‼️🇷🇺🎖Герои бессмертны: история Героя России Евгения Козловского

**Капитан Евгений Козловской командовал мотострелковой ротой на Харьковском направлении, получил задачу захватить стратегическую высоту у н.п Дементьевка. **Рота под командованием Евгения Козловского отбила 10 атак превосходящих сил противника**. В ходе обстрела со стороны наступающих боевиков ВСУ получил тяжелые ранения, которые оказались несовместимы с жизнью.

Личный состав роты, вдохновлённый мужеством и стойкостью** командира Евгения Козловского**, успешно выполнил задачу, заняв стратегически важную высоту.
**t.me/rusvesnasu**"
62,1283359437,43404,"Подразделениям ВСУ в Артемовске сегодня ночью сделали ""весело"".

@voenkorKotenok"
63,1469021333,14848,"**🕶****🕶****Друзі, ще раз вітаємо наші рідні Збройні Сили України

**🇺🇦 Ми знаємо, що нас читає багато військових, тому** 24 грудня на сайті карти з'явиться ""Фронтова стіна"". **Це наш маленький проект, який ставить на меті показати єдність тих, хто на фронті та тих, кого захищають. Бо останніх можна всюди почути/побачити в соцмережах постійно, а на лінії зіткнення це не так просто. 

🇺🇦 Тому запрошуємо тих, хто зараз зі зброєю в руках захищає нашу країну, долучитися до проекту і за можливості написати свої побажання країні, своєму місту/селищу/селу чи близьким. 

🕶 У формі ми **не збираємо ел.пошт, конфіденційних чи безпекових даних**. Лише побажання і підпис від кого (наприклад ""від 93 ОМБр""). Всі відповіді **будуть модеруватися** і 24 числа з'являться у вигляді додаткового функціоналу на сайті мапи. 

**👉🏻Форма - ****https://forms.gle/LpDArSHnWM8o47YS8**"
64,1511148555,14405,"🇷🇺🇮🇳**Россия и Индия объединят танкерные флоты**

Правительство Индии плевать хотело на европейские «потолки цен» на российскую нефть и продолжат закупать необходимое количество, поставляя в Азию сырье из РФ.

Плюсы создания единого флота:

▪️Закупочная цена нефти для Азии позволит **индусам взять на себя покрытие аренды и страховки**

▪️Дели сможет **без ограничений** закупать российскую нефть

▪️Азия сепарируется от западных страховок судов, а также **обретет независимость от финансовых и транспортных услуг**"
65,1511148555,12827,"**‼️🇷🇺 Сегодня из украинского плена вернутся еще 50 российских бойцов — глава ДНР
**Столько же пленных будет передано Украине, в основном — военных ВСУ, сообщил Денис Пушилин.

[Конфликт🔥Z Подписаться](https://t.me/konfliktworld)"
66,1366346975,49350,"А вот и китайские [санкции](https://sun9-30.userapi.com/impg/MmKrzn4UotQ6POWF4cIz5tb5hOPRRILM40Q9gQ/Zdil4SDyVPI.jpg?size=1634x1508&quality=95&sign=83abc7f497b7a73275bbded290b50bb9&type=album): 

21 марта 2022 года. Крупнейший в мире производитель аккумуляторов для электромобилей из Китая Contemporary Amperex Technology (CATL) в рамках программы расширения может построить в Северной Америке завод стоимостью $5 млрд. На объекте будет занято до 10 тыс. рабочих. Предприятие позволит снизить затраты на поставки по всему миру.

02 августа 2022 гола. CATL откладывает решение по заводу в Северной Америке из-за визита Нэнси Пелоси на Тайвань. Доля китайской CATL на мировом рынке аккумуляторов для электромобилей в первой половине этого года увеличилась с 28,8% до 34,8% в годовом исчислении — компания является абсолютным лидером в первой десятке мировых производителей аккумуляторов для электромобилей."
67,1498939244,33383,"Пан ебанный хохол наконец-то начал понимать что его наебывают?

Чи це москальски боты?🤡🤡"
68,1536211233,1852,"**🔥Unknown naval combat drones under heavy fire attack Russian ships**

This morning, the Sevastopol Bay, the home base of the Russian Black Sea Fleet, was attacked.

📷 Militarnyi

**🔥Неизвестные морские боевые беспилотники под шквальным огнем атаковали российские корабли**

Сегодня утром Севастопольская бухта, база базирования Черноморского флота России, подверглась нападению.

📷 Милитарный"
69,1080134301,14726,"18+ **Очередной результат раздачи оружия кому попало от Киевского режима

**В Днепре какой-то неадекват из окна выбросил гранату во двор, когда там гуляли дети. Сообщают, что в результате взрыва пострадал ребенок."
70,1511148555,8600,"Бандеровских миномётчиков знакомят с контрбатарейным огнем.

Тик-ток-боевику из второй части видео, снимавшего действие своего неудачливого побратима, повезло ещё меньше. Мыкола отправился к своему кумиру!"
71,1457892982,26567,"⚡️**Украина может вернуть себе Крым, если продолжит отвоевывать территорию у бегущих войск России нынешними темпами

**Запад ранее считал, что **вернуть Крым силой невозможно**, но недавний крах российской армии означает, что ""**возврат Крыма Украиной теперь вполне возможен, и его больше нельзя сбрасывать со счетов**"".

Об этом [сообщает](https://www.telegraph.co.uk/world-news/2022/10/05/ukraine-could-recapture-crimea-fleeing-russians-continue-flounder/) The Telegraph со ссылкой на высокопоставленных военных чиновников США.

[Информатор](https://t.me/+LV7tr2_vgu02NjAy) | [Подписаться](https://t.me/+LV7tr2_vgu02NjAy)"
72,1469021333,15007,"🕶🕶🕶** на фронтах станом на 25 грудня

****⏩****На кордоні з біломосковією **- без змін[.](https://deepstatemap.live/) 

**⏩****На** **Сватівському** напрямку - тривають позиційні бої в лісах Кремінної. Ворог перекинув значні сили в даний сектор, у тому числі зеків з пвк ""вагнер"" і пробує відкинути наші сили з районів Площанки та Червонопопівки. Поширене на каналах повідомлення про ""взяття Кремінної"" є простою вологою фантазією. Ситуація на даному відтинку фронту залишається складною і напруженою.

**⏩****Бахмутський **відтинок - в Опитному ситуація суттєво погіршилася. На багатьох ділянках від Спірного до Майорська ворог розпочав серію атак. 

**⏩****Авдіївський** відтинок - йдуть бої в центрі Мар'їнки. По карті без змін.
 
**⏩****Запорізький **відтинок - без змін. 

**⏩****Таврійський** відтинок - без змін. 

⏺⏺Оновлення мапи протягом 31 хвилини. 

💬У випадку **неточностей на карті**, ви можете нам повідомити через бот @newsdeepstatebot."
73,1164348791,6926,"Я НЕ СТОРОННИК ТАНКОВОГО БИАТЛОНА. Я – СТОРОННИК КЛАССИЧЕСКОЙ БОЕВОЙ ПОДГОТОВКИ. 

И не раз подчеркивал свою позицию, считая, что эта игра отвлекает людей от боевой подготовки и внепланово изнашивает технику и вооружение. Кстати, это понимание я составил из неоднократно услышанных мною высказываний воюющих рядовых и командиров. 

Но если есть альтернативное моему мнение, надо его учитывать. Тем более, если это мнение чемпиона мира по танковому биатлону, офицера интенсивно воюющего в рамках СВО. 

Вероятно, истина где-то посередине. Надо изучать результаты проведения танкового биатлона в войсках и развивать его рациональное зерно!"
74,1093357968,12017,"Спасибо братцы, будем жить!

https://t.me/WarDonbass/76909"
75,1144404150,12065,"**❗️Информация для жителей и военнослужащих Украины:

**• Если Вы являетесь мирным жителем одного из городов Украины, Вы можете прислать нам **на гарантиях полной анонимности** любую информацию о местонахождении, передвижении ВСУ, нацбатальонов и ТрО, а также информацию, способствующую скорейшей завершении спецоперации! 

Если рядом с указанном Вами местоположении ВСУ имеются **мирные жители**, просьба уведомить **на каком расстоянии они находятся от военных**, чтобы обеспечить безопасность гражданских. Самим после передачи нам данных, лучше укрыть себя и своих близких.

Вся информация будет напрямую **доведена до Вооружённых сил России** на гарантиях полной анонимности!!!

• Если Вы **военнослужащий Украины**, и хотите **сложить оружие**, можете также связаться с нами и мы Вам обеспечим **мирный переход** в безопастное место, а после окончания боевых действий, **без уголовного преследования**, мы Вас **передадим домой**, к родным и близким.

**Связаться с нами анонимно Вы можете по контакту — ****@RSOTM_Z_BOT**"
76,1080134301,19071,"🤡🇺🇦**Контрнаступление по-украински** (отрицательное)

▪️ На первом видео:  из интересного можно отметить уничтоженный танк, у которого после детонации БК оторвало башню. 

▪️На втором: стремительное контрОтступление с раненым побратимом, причём остальные бросили эту троицу только пятки сверкали"
77,1283359437,39655,"❗️ [РУССКОЕ КИНО](https://t.me/russian_mov) теперь в телеграм

Если вы не знаете что посмотреть вечером с семьей, то [наш телеграм канал Русское кино](https://t.me/russian_mov) вам поможет!

Мы собрали для вас лучшие русские фильмы для любого возраста, которые вы можете посмотреть абсолютно БЕСПЛАТНО. 

Подписывайтесь на [Русское кино](https://t.me/russian_mov)!"
78,1498939244,34642,"ВСУ снова обстреляли жилые кварталы в центре Донецка, на данный момент известно о двух погибших гражданских 

Фото @WarInMyEyes"
79,1247556894,2159,"**На лівому березі Києва радіаційний фон у нормі!

**Станом на 7:00 у м. Києві на лівому березі зафіксовано показник радіаційного фону 0,14 - 0,16 мкЗв/ годину при нормі 0,26 мкЗв/год.

ℹ️  Зберігайте спокій та довіряйте лише офіційним джерелам інформації."
80,1164348791,5221,"ДОНБАСС, СИТУАЦИЯ С БЕЗОПАСНОСТЬЮ. 

У меня есть ощущение, что в ДНР военные предпринимают дополнительные серьезные меры предосторожности вокруг Мариуполя.  

Появились новые усиленные блокпосты, на которых, совместно, российские морские пехотинцы и чеченские бойцы проверяют транспорт и людей. 

Одна из причин: «азовцы» и  украинские военные активизировали попытки просочиться из Мариупольского котла. Кроме этого военная полиция выполняет функции подразделений контроля. 

Полиция ДНР все плотнее контролирует сам город, фильтрует беженцев, расширяет штат отделов за счет недавних сотрудников МВД Украины (они проходят проверку, и параллельно несут службу прекрасно зная местность и обстановку). 

Мы репортеры, давно привыкли к принципам безопасности в ДНР: если ты соблюдаешь правила, никто никогда дополнительно ничего не предъявит. Нарушаешь? Хоть ты генерал, добро пожаловать на подвал. Тут парни резкие."
81,1457892982,28852,"**Как поменялась риторика на болотах. Теперь они говорят, что терять Херсон не унизительно, и РФ не жалеет, что приняла Херсонщину в свой состав🤡

**Первая позорная армия мира.

[Информатор](https://t.me/+LV7tr2_vgu02NjAy) | [Подписаться](https://t.me/+LV7tr2_vgu02NjAy)"
82,1366346975,55007,"1. Накрытие скопления пехоты и техники противника в лесопосадке в районе Угледара.
2. Уничтожение танка ВСУ на Авдеевском направлении.

Источник: https://t.me/RtrDonetsk"
83,1366346975,57943,"Украина ...
 Посол Ирана был выслан из-за использования Россией иранских беспилотников против Украины.

 Что касается России, то она не выслала турецкого посла из-за использования Украиной турецких  байрактаров против России.
 политика это искусство..."
84,1164348791,5786,"ЧТО НАС ЖДЕТ В РАМКАХ СВО? ТОЧНЫЙ ПРОГНОЗ НИКОЛАЯ СТАРИКОВА. 

Если хоть метр останется для неонацистской Украины, она и оттуда будет по нам стрелять. Вывод: даже метра нельзя оставлять. 

https://t.me/rt_russian/118360"
85,1498939244,34401,🤔🤔🤔
86,1144404150,17961,"**__Изюмская школа №13 была готова к учебному году... теперь здесь руины.

__**По этому зданию украинские боевики нанесли удар из РСЗО HIMARS. В школе не располагались российские военные: это очевидный акт террора против мирных жителей Изюма. К счастью, при ударе никто не погиб, но теперь изюмским школьникам начать учебный год не удастся. Очередное преступление украинских нацистов против собственного народа зафиксировано на видео.

[👔 Тактический галстук](https://t.me/tacticalnecktie)"
87,1366346975,55746,"Ряд украинских ресурсов распространяет сегодня это фото в виде доказательства уничтожения самарского СОБРа.

Эта информация не соответствует действительности. Само фото сделано в марте 2022 года. По поступающей информации [**бойцы самарского СОБРа**](https://t.me/opersvodki/8483) сегодня выходили на связь. 

Продолжаем следить за развитием ситуации. 

@opersvodki"
88,1469021333,10650,Село Мощун на Київщині практично вже не існує
89,1080134301,17882,"**⚡️«Украина не будет проводить никаких переговоров с Россией, пока президентом РФ является Путин»** — экстренное заявление Зеленского

Чуть раньше он также заявил, что **Украина сегодня подаёт заявку на вступление в ускоренном порядке в НАТО**"
90,1366346975,56920,https://youtube.com/shorts/li88uXCiWZU?feature=share
91,1457892982,24734,"**Армии РФ, если что, больше не существует😏

**Не мы говорим, русаки говорят.

[Информатор](https://t.me/+LV7tr2_vgu02NjAy) | [Подписаться](https://t.me/+LV7tr2_vgu02NjAy)"
92,1366346975,54336,"⚠️Уралвагонзавод в особом режиме обеспечит страну танками

На тагильском предприятии ввели особый режим, чтобы гарантированно обеспечить нашу армию новыми танками. Работников завода смогут привлекать к сверхурочной работе, которая будет оплачиваться в двойном размере.

Кроме того, гендиректор УВЗ Александр Потапов принял решение повысить зарплату работникам на 35% за выполнение гособоронзаказа. 

✊ Мы поздравляем концерн «Уралвагонзавод» с 15-летием! Само тагильское предприятие, впрочем, основано ещё в 1936 году. Каждый второй танк Т-34, принявший участие в боевых действиях Великой Отечественной войны, был произведён Уралвагонзаводом — за время войны завод выпустил 25 тыс. 266 легендарных «тридцатьчетвёрок»."
93,1080134301,18726,"**Кадры ночного** прилета по администрации Энергодара.** 
**
Боевиками ВСУ были нанесены удары из РСЗО HIMARS."
94,1469021333,11203,🎥Парадний танк русні. Тепер він проїде парадом в Донецьку після нашої перемоги
95,1498939244,29515,Момент прилёта барражирующего боеприпаса по порту Одессы.
96,1247556894,5652,"⚡️🚇Рух метро тимчасово зупинено на всіх гілках. Підземні станції працюють як укриття

❗️Повітряна тривога триває! Будь ласка, залишайтеся в укриттях!

✔️Про відновлення руху повідомимо додатково."
97,1457892982,24615,"**Коротко об обстановке на фронте

**[Информатор](https://t.me/+LV7tr2_vgu02NjAy) | [Подписаться](https://t.me/+LV7tr2_vgu02NjAy)"
98,1366346975,50067,"Карта подземных газохранилищ Украины и их наземная инфраструктура.
Как представляется, объекты на территории Западной Украины вполне себе интересны в качестве целей для ударов. Например в ответ на обстрелы платформ ""Черноморнефтегаза"".
Важно помнить, что Украина смогла ввести в строй за 30 лет только одно ПГХ.
Все остальное - наследство СССР. Потеря любого ПГХ для Украины считай безвозвратна."
99,1457892982,30504,"❗️**Кроме ракет россияне могут массировано ударить беспилотниками, — Житомирская ОВА

**[Информатор](https://t.me/+LV7tr2_vgu02NjAy) | [Подписаться](https://t.me/+LV7tr2_vgu02NjAy)"
100,1498939244,30792,В Виннице взрывы.
101,1469021333,10082,"⚡️Прес-секретар Запорізької АЕС Андрій Туз прокоментував ситуацію:

«Розбомбили все, що можна, у тому числі й блоки та все інше. Наразі інформацію уточнюють, складно все сказати. До станції виїхала біла машина, представники російських військових. Блимає фарами. Зараз визначається, чи виходитимуть до них на переговори, чи що далі діяти»"
102,1283359437,41270,"""В Госдуме председатели комитетов по обороне и безопасности, противодействию коррупции подписали **письмо Генеральному прокурору,** чтобы разобраться, куда всё делось, потому что финансирование тыла производилось в прошлом в полном объеме. **Вопрос - где это всё**?""  

-  бывший командующий 58 армией, генерал-лейтенант запаса, депутат Госдумы Андрей Гурулев"
103,1109403194,34769,"Очередной танк демилитаризирован в Васильевке (Херсонское направление) экипажем Ка-52.

@sashakots"
104,1469021333,12133,"⚡️**Верховна Рада поки не планує забороняти в країні діяльність Української православної церкви Московського патріархату - заявив спікер Парламенту Руслан Стефанчук**

__""Ми тривалий час обговорювали це питання в межах наших політичних фракцій і груп. І попри те, що всі десь всередині мають своє внутрішнє рішення, яке багато в чому збігається з тим, про що ви говорили, ми домовилися так: під час війни ми не маємо права ухвалювати жодного закону, який розколює українське суспільство"" - __пояснив спікер

🤔Питання Московської церкви в Україні вже визначено однозначно і час покаже, чи розуміють це у владі. Чи на часі вирішувати його прямо зараз - думки явно розділяться. Пишіть про них в коментарях⤵️"
105,1457892982,26774,"**Как взрывоопасная фура на Крымском мосту проскочила проверку? 

**А вот так😉. 

[Информатор](https://t.me/+LV7tr2_vgu02NjAy) | [Подписаться](https://t.me/+LV7tr2_vgu02NjAy)"
106,1080134301,18450,"ВСУ снова ударили по Белгородской области. В результате прилёта в посёлке Октябрьский начался сильный пожар, слышны взрывы."
107,1469021333,12318,"[​​](https://telegra.ph/file/a7fe2a75c9d99145a1f71.jpg)#ГУРінформує
**❗ В рФ готуються до епідемії холери в прикордонних з Україною областях**

▪ Головний державний санітарний лікар росії Анна Попова підписала постанову «Про додаткові заходи щодо профілактики холери». Особлива увага приділяється додатковим заходам з профілактики у прикордонних з Україною регіонах: Брянська, Курська, Бєлгородська, Воронезька, Ростовська обл., Краснодарський край та окупований Крим.

▪ Керівникам територіальних управлінь федеральної служби з питань нагляду у сферах захисту прав споживачів і добробуту людини («Роспотребнадзор») доручено:

 - до 15 травня підготувати лабораторії для проведення досліджень на холеру, посилити контроль за торговельними об’єктами, місцями масового скупчення людей, а також поінформувати населення про заходи з профілактики хвороби;
 - до 1 червня забезпечити готовність медичних установ до проведення протиепідемічних заходів та підготувати розрахунок необхідних для цього препаратів.

▪ Ймовірно, наприкінці травня – початку червня керівництво рФ може вдатись до провокацій у прикордонних з Україною районах. Відповідальність за це традиційно спробують перекласти на Україну, звинувативши у «застосуванні біологічної зброї»."
108,1080134301,16366,"Маркетологи в столице необъятной продолжают придумывать способы завлечь людей в свои заведения. Так, например, в примерочной ТЦ Москвабада заметили коврики с лицами западных политиков.

Теперь россияне, пришедшие купить новинки белорусского трикотажа смогут развлечься"
109,1144404150,17130,"⚡️В Харькове уничтожены две американские пусковые установки РСЗО «HIMARS», также уничтожены 53 украинских националиста и иностранных наемника — Минобороны России"
110,1144404150,13265,"Министерство обороны Турции заявило об успешной нейтрализации [ранее обнаруженной](https://t.me/warjournaltg/13259) в Черном море дрейфующей мины.

@warjournaltg"
111,1536211233,1154,"Ukrainian serviceman carrying a child injured by Russia's missile strike into a Kramatorsk hospital

Украинский военнослужащий несет ребенка, пострадавшего от российского ракетного удара, в больницу Краматорска"
112,1080134301,18621,Мемы из Иранских соц. сетей
113,1109403194,37341,"Новоселовское находится примерно на полпути между Сватово и Купянском.
Опираясь на Новоселовское, противник несколько раз пытался атаковать расположенную к востоку от нее Куземовку, чтобы продвинуться к северо-западу от Сватово. Там он получил по голове, понеся тяжелые потери в людях и технике.
В случае потери противником Новоселовского, наступать на Сватово с Купянского направления будет проблематично. ВС РФ в свою очередь, контролируя Новоселовское, могут начать создавать предпосылки для наступательных действий к юго-востоку от Купянска в ходе зимней кампании."
114,1366346975,53321,"❗️**За последние сутки ВСУ семь раз нанесли удары из крупнокалиберных орудий по району Запорожской АЭС** — Минобороны РФ

В ведомстве отметили, что украинские войска продолжают артиллерийские обстрелы Запорожской атомной электростанции и города Энергодар. 

__«Обстрелы велись с огневых позиций украинских войск в районах населенных пунктов Никополь, Марганец, Высшетарасовка и Червоногригоровка, расположенных на противоположном берегу Каховского водохранилища. Ответным огнем артиллерии российских Вооруженных Сил огневые средства противника подавлены»,__ — отметили в Минобороны РФ."
115,1511148555,11997,"🔶**Тайваньский политик во время парламентской кампании использовал фото Зеленского со слоганом: ""Буду бороться за Тайвань, как Зеленский борется за Украину""**

**💤Обратите внимание на номер слева 🤦🏻‍♂️ 
Это говорит о том что всё связанное с Усраиной превращается в дерьмо**"
116,1457892982,23389,"**❗️Предварительно очевидцы слышали несколько взрывов в районе аэродрома Бельбек. После них была слышна сирена и видели машины МЧС

**МЧС, куда спешим?😏

[Информатор](https://t.me/+LV7tr2_vgu02NjAy) | [Подписаться](https://t.me/+LV7tr2_vgu02NjAy)"
117,1511148555,14667,**RT креативит последнее время 🤣🤣🤣**
118,1366346975,56441,"Ракетный удар по располаге укронацистов в Днепре, вид сверху. Прям в яблочко."
119,1498939244,33019,💥 Взрывы и воздушная тревога в Николаеве
120,1511148555,12946,"✅✅✅**🇷🇺🇺🇦ФСБ и Росгвардия накрыли целую украинскую агентурную сеть в ЛНР, нашли оружие и взрывчатку. Теперь завербованным СБУ грозит двадцать лет тюрьмы.**"
121,1457892982,27245,"**""Если начнется ядерная война, надо находиться поближе к эпицентру, так быстрее всё закончится"", — **в РПЦ на России призвали провести ""духовную мобилизацию"", а тем, ""кто осуждает — закрыть свой рот"" 

[Информатор](https://t.me/+LV7tr2_vgu02NjAy) | [Подписаться](https://t.me/+LV7tr2_vgu02NjAy)"
122,1093357968,8528,"🇺🇦 В **Харькове** сегодня ночью военнослужащие ВСУ попытались вывезти семьи из осажденного города через юго-западный коридор. 

На одном из блок-постов члены нацбатов обстреляли колонну автобусов. Погибли около **30 человек**, в т.ч. **7 детей**.
#Украина #Харьков 
@rybar

__*Поддержать нас: 4377 7278 0407 7977__"
123,1469021333,9807,"👉🏻Оновили мапу

https://bit.ly/3t7ICgb

Прохання в коментарях вказати неточності, так як карта йде далі в ЗМІ."
124,1283359437,40057,"Сегодня ночью и завтра в течение дня можно ожидать попыток противника выйти на окраины Купянска, а также попыток перерезать дорогу Купянск-Изюм."
125,1457892982,26017,"**❗️""Специальная военная операция"" после ""референдумов"" станет ""контртеррористической""** - Аксенов.

Судя по всему, объявления войны Украине не будет.

[Информатор](https://t.me/+LV7tr2_vgu02NjAy) | [Подписаться](https://t.me/+LV7tr2_vgu02NjAy)"
126,1283359437,41862,"Создатель ЧВК Вагнера Евгений Пригожин [подтвердил](https://t.me/Prigozhin_hat/1849), что в России началось создание Народного ополчения для отражения натиска с запада.

В частности, в Белгородской области создание и подготовку ополчения к боевым действиям курирует представитель Пригожина Герой России Андрей Богатов.

Кроме того, в области, как и в других регионах РФ, прежде всего, недавно возвращенных, в т.ч. ЛДНР, активно идет возведение «Линии Вагнера» — системы фортификационных сооружений (окопы, траншеи, блиндажи, противотанковые рвы и т.д.) для отражения возможного наступления противника.

@voenkorKotenok"
127,1129015804,12737,"Поддерживаемые США боевики группировки ""Джейш Магавир Ас-Саура"" заявили, что их расположение в сирийской провинции Хомс подверглось удару. Неизвестные выпустили БПЛА-камикадзе в направлении части Ат-Танф. Взрыв частично разрушил здание и забор, но никто из боевиков не пострадал. Предположительно, за ударом стоит одна из проиранских группировок в регионе.

Ранее шиитская группировка ""Асхаб Аль-Кахф"" утверждала, что на территории части Ат-Танф американцы и их союзники занимаются [вербовкой](https://t.me/directorate4/11969) молодых людей для отправки их на Украину."
128,1247556894,5674,"На Софійській площі вже практично змонтували та розпочинають прикрашати символічну ялинку незламності.

Цього року головна ялинка країни - штучна, заввишки 12 метрів. Її прикрасять енергозберігаючими гірляндами, що світитимуться від генератора. Підсвічення ялинки, скоріш за все, відбуватиметься в певні години. Також поруч з генератором облаштуємо точки для підзарядки гаджетів, розмістимо їх в цікавому наметі, залишу поки інтригою, в якому саме☺️

Новорічне дерево прикрашають іграшками минулих років, близько тисячею куль синіх і жовтих кольорів та білими голубами. Верхівку головної ялинки вінчатиме герб України. Нижня частина ялинки буде оформлена стендами з прапорами країн, що допомагають Києву впоратися з викликами та наслідками війни.

Нагадаю, що цьогоріч ялинку встановлюємо та прикрашаємо за рахунок меценатів і бізнесу, генератор теж надали благодійники. Місто коштів не витрачає. 

Масових розважальних заходів, фудкортів, ярмарків та атракціонів на Софійській площі цьогоріч не буде."
129,1498939244,30321,"Последствия ночных ударов дронами камикадзе Герань-2 по расположению всушников в городе Белая Церковь Киевской области. Разрушения весьма серьёзные.

Кстати, забор с колючей проволокой как бы недвусмысленно намекает, что это не детский сад."
130,1283359437,41038,"⚡️Путин: затевая санкционный блицкриг против РФ, Запад полагал, что сможет по своей команда ""построить"" весь мир. Но подобная перспектива возбуждает только политических мазохистов и поклонников других нетрадиционных форм международных отношений. Людей нельзя накопить напечатанными долларами и евро, а надутой, виртуальной капитализацией невозможно обогреть дома.

@voenkorKotenok"
131,1511148555,9503,"В сети появилась информация, что российский блогер **Михаил Лазутин** «**Лев против**», который вчера перешёл границу в **Верхнем Ларсе**, был избит грузинскими националистами.

💤Нормально съездил долбаеб 😂"
132,1109403194,32676,"Из наблюдений в Рубежном да и в других городах ЛНР. Могу сравнивать с Киевской и Харьковской областями, где работал последние 2,5 месяца.

Местные общаются охотно и без опаски. И это главное, что отличает их от жителей других регионов, где проходила и проходит специальная военная операция. В Киевской и Харьковской областях народ в большинстве своем журналистов боится, как огня. А здесь легко идут на контакт. Хотя в их условиях можно быть злым на весь мир сразу. 

Я долго думал, в чем разница между жителями Донбасса и, к примеру, Харьковщины. А потом прострелило – определенность. Гражданам ЛДНР четко объяснили, что Российская Федерация полностью освободит республики и обеспечит безопасное проживание в них. Это сейчас названо приоритетной целью нынешнего этапа СВО. И у людей есть фундаментальная уверенность, что мы отсюда не уйдем. Ее очень не хватает людям в других областях.

@sashakots"
133,1511148555,13187,"Два друга решили посетить 10 самых дорогих ресторанов Москвы надев комуфляжную форму со знаками V. 
И вот что из этого получилось...
Эксперимент в сравнении с Саратовским пабом, где бородатый ублюдок, видимо сочувствующий нашим врагам не пустил добровольца в военной форме!"
134,1366346975,53432,"25 августа, Военная хроника. Главные события этого дня. 

@milchronicles"
135,1109403194,34027,"🔥Штурмовики Су-25 в объективе коптера отрабатывают по Лисичанской нефтебазе. Во-первых, это красиво.

@sashakots"
136,1469021333,12558,"🤕**Пропагандисти Кремля шукають фашистів вже в Польщі

**🤔__Польща, Литва, Фінляндія - хто наступний?__"
137,1469021333,14719,"**🇷🇸Сербія - російський анклав всередині Європи

**💭__«Велика Сербія», Косово, югославські війни та русофілія - чому Сербія залишається союзником московії в Європі, попри її паралельний інтерес до ЄС?

__**👇Читайте за посиланням на нашому блозі:

**https://deepstateua.com/sierbiia-rosiiskii-anklav-v-sieriedini-ievropi/"
138,1109403194,36906,"Для многих ""испугавшийся патриотов"" сбежавших через из России через Верхний Ларс, это путешествие оставило столь незабываемые впечатления, что они решились на такого рода татуировки.
[ГЕНЕРАЛ-АРМАГЕДДОН](https://t.me/ZOVushi3)
[обсудить](https://t.me/+oCOKqlQ0dj9lNjky) | [прислать новость](https://t.me/armageddonets)"
139,1366346975,54350,"**ВСУ обстреляли Токмак, удары пришлись по элеватору — сгорело 15 тысяч тонн зерна

**По [информации ](https://t.me/tokmak_ru/2166)канала «Главное в Токмаке», около 3-4 часов утра ВСУ нанесли порядка 20 ударов по Токмаку — часть снарядов сбила российская ПВО. 

Удары пришлись по гражданским объектам, в том числе по элеватору — значительные разрушения получило зернохранилище, там сгорело 15 тысяч тонн зерна.

Представитель ВГА Запорожской области Владимир Рогов подтвердил информацию об обстрелах и опроверг сообщения украинской стороны о том, что ВСУ уничтожили склад с боеприпасам."
140,1498939244,30691,"А они будут продолжать! Бить надо ДО ПОБЕДНОГО, а не только в ответ! 

Никаких полумер!!!!!!!!

https://t.me/SolovievLive/133125"
141,1144404150,11462,"❗️**Обращение к украинским читателям:

**Мы знаем, что в Киеве, а также крупных** **городах Украины проводится мобилизация населения по формированию отрядов территориальной обороны. Если вы идейный патриот, мы не собираемся вас переубеждать в ваших желаниях. Ваш выбор. Но если вдруг вы или ваши близкие, имеете нейтральное или положительное отношение к происходящему, поверьте, постарайтесь избежать зачисление в подобные отряды.

Сейчас кончилась первая фаза, по частичному или полному уничтожению ВМС, сил ПВО/ПРО, аэродромов, складов с ГСМ и боеприпасами. Сегодня будет взята пауза, после чего силам ВСУ будет предложено мирно разойтись по домам сложа оружие. Но после истечения отведённого времени, будет уже работа всех возможных огневых средств по живой силе наших оппонентов. Останетесь в своих городах со своими близкими, мы не будем бомбить мирные города с населением. Также исключительно по возможности передвижение по загородным дорогам, дабы не попасть под перекрёстный огонь одной из сторон."
142,1129015804,13199,"В северной Сирии при ударе БПЛА ВС Турции в провинции Эль-Хасака погибли четыре человека. По предварительным данным, целью военных стало укрепление арабо-курдских сил неподалеку от г. Эль-Камышлы. Отмечается, что выпущенная беспилотником ракета взорвалась в опасной близости от ковидного госпиталя. 
 
С начала 2022 года в северо-восточной части Сирии турецкие дроны нанесли пятьдесят ударов. При налетах погибли сорок человек, более семидесяти получили ранения. Подавляющее большинство жертв ударов - представители ""Сирийских демократических сил""."
143,1080134301,15983,"**Жестокое избиение двое на одного

**В Краснодаре прошлой ночью два неадеквата жестоко избили парня посреди улицы.
Что являлось причиной такой агрессии - непонятно.
Однако, очевидно, что целью издевательства было, если не «убить», то «покалечить» точно.

Информации о степени тяжести травм полученных жертвой и полицейской проверки по факту данного инцидента пока нет"
144,1366346975,52815,"Пишут, что личные данные этой Вовк ещё в апреле были в информационной базе «Немезиды». 

Так, минутку. А въезжающих/выезжающих по этой базе не проверяют? 

Украина, к примеру, всех и каждого по «Миротворцу» проверяла. По совершенно дурацкому «Миротворцу», где Роджер Уотерс и Юрий Куклачёв, да. 

Вот каски и броники, а также прочие волонтёрско-журналистские радости через границу месяца четыре возили со скандалами. 

Зато оперативника «Азова» впустили и выпустили."
145,1511148555,8449,"**‼️‼️‼️В Балаклее и Чугуеве поражены пункты нацбата «Кракен» и 92-й бригады ВСУ,** уничтожено до 300 украинских военнослужащих и до 15 единиц военной техники, сообщает МО РФ"
146,1144404150,14758,"Подписчики канала осматривают место денацификации ДРГ ВСУ и удивляются, что одним выдают современную экипировку, а другим устаревшее барахло. На всех не хватает? 
В любом случае им это уже не пригодится.

@ragulinho"
147,1469021333,14069,"**➕Мартове, що ближче до Вовчанська під нашим контролем

**Зараз головне задача мабуть не дати втекти всім. Потрібен обмінний фонд, треба повертати хлопців, в тому числі з Азовсталі."
148,1457892982,25703,"**❗️С сегодняшнего дня всем этим категориям граждан РФ запрещен выезд за границу 

**[Информатор](https://t.me/+LV7tr2_vgu02NjAy) | [Подписаться](https://t.me/+LV7tr2_vgu02NjAy)"
149,1283359437,38429,"Уничтожение цели над Донецком.

@voenkorKotenok"
150,1536211233,1713,"**⚡️Biden to request $11.7 bln in Ukraine aid**

U.S. President Joe Biden will request $11.7 billion in emergency funding from Congress to provide lethal aid and budget support to Ukraine. 

⚡️** Байден запросит $11,7 млрд на помощь Украине**

Президент США Джо Байден запросит у Конгресса $11,7 млрд. чрезвычайного финансирования для оказания летальной помощи и бюджетной поддержки для Украины."
151,1469021333,9005,Міноборони підтвердили інформацію від Маляр щодо знищення ДРГ на оболоні.
152,1366346975,50356,"**Покупатель отказался от украинской кукурузы на судне Razoni из-за задержки в поставке — теперь зерну ищут нового покупателя

**Razoni было первым судном, которое[ покинуло ](https://t.me/readovkanews/39587)Одессу в рамках соглашения по разблокировке черноморских портов. Зерно должны были отправить в ливанский Триполи, но из-за задержки в поставке на пять месяцев покупатель отказался от сделки.

На борту сухогруза находится 26 тыс тонн кукурузы, сейчас груз простаивает на юге Турции — поставщик ищет ему нового покупателя. Сам сухогруз вчера [изменил](https://t.me/readovkanews/39892) первоначальный пункт назначения."
153,1283359437,37531,"**__Русские должны __**[**__усилить__**](https://segodnia.ru/content/256955)**__ нажим
__**
**- На что рассчитывает противник, фактически отказываясь от переговоров с Москвой, с военной точки зрения? 
Какие козыри может и готова применить Россия для ликвидации угрозы своей безопасности и самого существования на юго-западном направлении?
**
- США рассчитывают вести войну, как минимум, до конца года. Болтовня про переговоры сейчас не актуальна. США рассчитывают на Украине добиться успеха своей стратегии «войны до последнего украинца», которая позволит оправдать огромные издержки для экономик США и ЕС. 

Если у них не получится добиться этих успехов до середины осени, ближе к началу зимы США и ЕС ожидают тяжелые экономические и социальные последствия. Время в этом вопросе играет на РФ. 

Разумеется, РФ должна усиливать нажим на Украину, продолжая методично уничтожать ее военную, промышленную и логистическую инфраструктуру. И наносить удары в том числе и по местным центрам «принятия решений».

@voenkorKotenok"
154,1498939244,31850,"Крамник, анализ. Всё по делу.

https://t.me/kramnikcat/2666"
155,1498939244,30103,"Присоединение к России ДНР, ЛНР, Запорожской и Херсонской областей делает практически невозможным завершение конфликта вокруг Украины — Жозеп Боррель"
156,1080134301,20574,"Украинка выложила юмористическое видео, где отметила «высокий» уровень культуры политической элиты Украины."
157,1109403194,33869,"⚡️**Под Камышевахой полк Кадырова** **взял в котёл 24 бригаду ВСУ. 

**Сдаваться в плен они не захотели, за что и поплатились своими жизнями. **24 бригада **полностью уничтожена. Очень жёсткие кадры с Попасной в закрытом канале [**Прямой Эфир**](https://t.me/+9jWcYyq_710xNGZi). Слабонервным просьба не смотреть."
158,1283359437,42127,"**⚡️Путин**: мы предложили создать газовый хаб на территории Турции, Анкара согласилась. У нас много совпадающих векторов взаимных интересов. Поскольку Эрдоган всегда думает о национальных интересах, турки являются непростыми, но надежными партнерами.

@voenkorKotenok"
159,1283359437,44076,"Президентский указ, признающий Георгиевскую ленту символом воинской славы России, что автоматически означает более серьезную ответственность в случае ее осквернения, традиционно практикуемого российскими либералами.

@voenkorKotenok"
160,1144404150,18222,"🤡 Генштаб Украины – как средство дезинформации. 

Намедни украинский ГШ заявил, что из-за высоких потерь на Донбассе, ВС РФ вынуждены перебрасывать подкрепления из Сирии. Не надо быть семи пядей во лбу, чтобы понять, насколько это тупой фейк. 

Контингент ВС РФ в САР – это контингент ВС РФ в САР. Российские военнослужащие продолжают выполнять возложенные на них обязанности в различных частях этой далекой страны, начиная от солнечной Латакии и заканчивая пустынной местностью Дейр эз-Зора. Все передвижения войск из Сирии в Россию являются **плановой ротацией**. В ГШ Украины не в курсе длительности сирийских командировок? 

Приложим к посту пару недавних фото с ротации российских военнослужащих в аэропорту города Камышли, который фактически является крайней точкой подконтрольной законному правительству САР территории на северо-востоке страны. Дарим фотографии хохлосми, подписывайте их как __«русские выводят войска из Сирии для войны с Украиной!»__ и наслаждайтесь перемогой в своем выдуманном мире.

@warjournaltg"
161,1498939244,36150,"БПЛА ""Форпост-РУ"" уничтожает украинский танк.

@btr80"
162,1144404150,16772,"🚀 Местные источники сообщают о четырех взрывах в Днепре.

@warjournaltg"
163,1283359437,43988,"**Позывной «Мастер». Бой в Марьинке. РПГ против танка
**
Даниил «Мастер» — гранатометчик 1 сб — о продвижении в районе н.п. Марьинка, который превращен противником в мощный укрепрайон с развитыми инженерными сооружениями, минными полями.
Штурмовали не один день. Взяли позиции противника на четвертый день по приказу командира. 
Наша пятерка прорвалась в Марьинку с помощью дымов. Погасили огневые точки, зашли в первые дома. Наша арта работала, не переставая. Благодаря ей, контрнаступления со стороны Украины не было. Переночевали ночь в домах и пошли на зачистку. 
На вторые сутки продвинулись в двух кварталах. Каждый день наше продвижение было успешным. 
Летают их беспилотники, это было для нас проблематично, как и работа их арты. Постоянно по нам работал 120-мм миномет, спасали только погреба. Без потерь не получилось. 
До балки — основной точки — шли около месяца. Потом нас поменяли. 
Все было под нашим контролем, в т.ч. Щуровский террикон.  
Когда взяли 5-й перекресток, наши сообщили, что слышен гул техники. Я приготовился, двинул к дому ближе к дороге, где был слышан гул. Через три секунды из-за бугра выскочил танк прямо перед домом. Пацаны начали прятаться, я взял РПГ. Было очень страшно, но я ждал, когда он подъедет. Подъехал слишком близко — на 7 метров. Я выстрелил. Заклинил башню танка. Командир танка убежал. Танк дал задний ход.
Было, конечно, весело. Я ничего не понял, потому что меня контузило. Сзади меня была большая дырка в стене от выхлопа РПГ. Пацаны заняли позиции и сказали: «Это было круто!». 
Мы двинулись дальше. 
По нам работали пулеметчики. Моя любимая труба —РПГ им не давала покоя. 

[Бастион](https://bastyon.com/voenkorkotenokz)

@voenkorKotenok"
164,1283359437,43077,"По центру Донецка ВСУ ударили из РСЗО ""Град"".

Прилет неполного пакета.

@voenkorKotenok"
165,1511148555,13613,**🚀****💥****🔥**Воздушая тревога объявлена в нескольких областях
166,1144404150,17670,"Выражаю глубокие соболезнования родным и близким погибшего во время теракта главы администрации поселка Михайловка Запорожской области Ивана Викторовича Сушко.
Смелый и принципиальный человек, он стал очередной жертвой террористов, которые пытаются помешать налаживанию спокойной жизни на освобожденных территориях. Но они не испугают и не остановят тех, кто работает ради будущего этой земли. Ради того, чтобы люди жили в мире и согласии.
Уверен, что преступники, организовавшие теракт, будут найдены и наказаны. Скорбим вместе со всеми, кто знал Ивана Викторовича. Желаем сил и мужества.

P.S. Губернатор Новгородской области Андрей Никитин."
167,1144404150,19138,"🛬💥 В Кривом Роге снова гремят взрывы.

UPD. Также взрывы прозвучали на окраинах Днепра.

@warjournaltg"
168,1498939244,34530,"Красавец Т-90М в районе Бахмута. 

Армия должна получать эти шикарные колесницы богов в как можно большем количестве!"
169,1366346975,51219,"- Однако, — сказал он, — ведь говорят же, что война подобна шахматной игре.

— Да, — сказал князь Андрей, — только с тою маленькою разницей, что в шахматах над каждым шагом ты можешь думать сколько угодно, что ты там вне условий времени, и еще с той разницей, что конь всегда сильнее пешки и две пешки всегда сильнее одной, a на войне один батальон иногда сильнее дивизии, а иногда слабее роты. Относительная сила войск никому не может быть известна. Поверь мне, — сказал он, — что ежели бы что зависело от распоряжений штабов, то я бы был там и делал бы распоряжения, а вместо того я имею честь служить здесь, в полку вот с этими господами, и считаю, что от нас действительно будет зависеть завтрашний день, а не от них… Успех никогда не зависел и не будет зависеть ни от позиции, ни от вооружения, ни даже от числа; а уж меньше всего от позиции.

— А от чего же?

— От того чувства, которое есть во мне, в нем, — он указал на Тимохина, — в каждом солдате.

Л. Н. Толстой ""Война и мир"""
170,1498939244,36466,"Киевляне, не ссать."
171,1144404150,11652,"🇷🇺 Российские ударные вертолеты Ка-52 в небе над Донецком. 

В 2014 году вертолеты ВСУ принесли в город войну. В этот раз вертолеты несут с собой мир для дончан. Эмоции жителей соответствующие.

@warjournaltg"
172,1144404150,17162,"❗️В результате сегодняшних артиллерийских обстрелов ВСУ территории ДНР **погибли** **два мирных жителя**, еще **двадцать два получили ранения**.

Кроме этого, в Донецке на украинских противопехотных минах ПФМ-1 подорвались **три человека**.

@warjournaltg"
173,1469021333,12654,**🇺🇸🤝🇺🇦Закон про додаткову матеріальну допомогу підписано Байденом**
174,1366346975,55955,Посла Украины в Казахстане выгнали из страны
175,1511148555,11913,"‼️‼️‼️СРОЧНО

**Военный корреспондент Семён Пегов:

‼️БЕЗ ВСЯКИХ НО. ТОЧКА В БИТВЕ ЗА АЭРОПОРТ**

Сегодня День разведчика, и это очень важный пост для меня лично. Не в плане профессии, конечно. В каком — сейчас объясню. В общем, для меня большая честь сообщить вам, что именно 5 ноября 2022 года легендарный донбасский отдельный гвардейский разведывательный батальон «Спарта» имени Арсена Павлова спустя больше чем восемь лет после начала боёв за донецкий аэропорт может совершенно справедливо заявить, что абсолютно каждый метр территории воздушной гавани наконец-то полностью контролируется Русской Армией.

Да, я понимаю ваше недоумение, но дайте минуту — и я всё разложу по полочкам. Действительно, Моторола заявил об освобождении донецкого аэропорта ещё в январе 2015-го. И с точки зрения здравого смысла это было на самом деле так. «Спартанцы» вместе с «cомалийцами», «востоковцами», «оплотовцами», «Пятнашкой», со «славянами» и с «комендачами» к тому моменту смогли занять все административные здания аэропорта: терминалы, диспетчерскую вышку, гостиницу, парковку, РЛС, ну и взлётно-посадочную полосу, разумеется, тоже.

Однако формально на той площади, которую по картам занимала воздушная гавань столицы ДНР, оставалось две позиции, где восемь лет находился противник. Это так называемые большой и малый муравейники. Выглядят они соответствующе: две огромные земляные насыпи (одна, как следует из названия, поменьше), залитые внутри бетоном и расположенные в буквальном смысле на самом краю формально очерченной территории аэропорта, совсем недалеко от забора. Неонацисты превратили их в неприступные крепости и оттуда на протяжении всех Минских соглашений (а это длилось практически восемь лет) с различной степенью интенсивности «подкошмаривали» донбасских бойцов.

«Спартанцы» бодались за «мураши» (так их ласково называют на фронтовом сленге) и под командованием Моторолы, и под руководством Вохи, чей отец, Артём Жога, возглавив легендарный батальон после героической гибели сына, в итоге довёл дело до конца. И да, его бойцы взяли большой и малый муравейники ещё больше месяца назад, но договорились между собой, что знамя подразделения водрузят над ними только после того, как отбросят неонацистов за трассу М-4, чтобы контроль был, что называется, железным, без всяких но, без всяких условностей и оговорок. Как со стороны нашего командования, так и со стороны Киева.

Всё. В День разведчика (а это вдвойне символично!) мы увиделись с комбатом Колымой, и он сообщил мне, что наконец-то противник действительно отброшен от территории аэропорта и не может претендовать ни на один квадратный метр этой земли. Наши парни продвинулись за М-4. С чем мы их и нас всех поздравляем. И это уже однозначно история. Наша история. Да, мы понесли тяжёлые для наших сердец потери. Но о них мы расскажем позже."
176,1283359437,41346,"150 миллионов человек очень хотят узнать, не пришло ли время упоротому украинскому начальнику понять, что будет ответной целью."
177,1109403194,32793,"ЗРК ""Тор"" Отважных не оставило никаких шансов очередному хваленному ""Байрактару"".

ПВО на страже неба ЛДНР круглосуточно!

@sashakots"
178,1144404150,17256,"**В вечерней сводке генштаб ВСУ сообщает о наступлении российских войск и союзников на пяти направлениях

**СЛАВЯНСКОЕ НАПРАВЛЕНИЕ
В районе населенных пунктов Вернополье, Богородичное и Долина шли боевые действия

КРАМАТОРСКОЕ НАПРАВЛЕНИЕ
Отмечалось наступление российских войск в районе Верхнекаменкого с целью улучшения тактического положения

АРТЕМОВСКОЕ НАПРАВЛЕНИЕ
Российская армия и союзники вели наступление на Яковлевку, Артемовск, Зайцево и Вершину. **За населенный пункт Кодема бои продолжаются

**АВДЕЕВСКОЕ НАПРАВЛЕНИЕ
**В районе Песок, Авдеевки, Красногоровки и Марьинки продолжаются боевые действия

**ЮЖНОБУЖСКОЕ НАПРАВЛЕНИЕ
Бои шли в районе населенного пункта Благодатное, расположенном на границе Херсонской и Николаевской области"
