ground_truth,prediction,inference_time
"No, this post does not describe any human rights violation committed by government, military, or armed groups.It does not mention harm to civilians, destruction of civilian property, sexual violence, torture, execution, or mistreatment of detainees.The content is neutral and does not meet the criteria for a human rights violation within the reasons provided.","This content does not describe any human rights violations within reasons provided for such action. There are no mentions of harm to civilians, destruction of civilian property, sexual violence, torture or executions, mistreatment of detained individuals, or similar severe incidents involving direct attacks on unarmed people. This neutral report lacks evidence of serious abuse meeting criteria outlined as grounds for response where I flag critical wrongdoing. Therefore:

**No,** this text details neither extreme violence targeting non-combatants nor deliberate damage to peaceful structures, personal suffering inflicted through coercion, forced confessions under duress, humiliation beyond mere force used without intent causing lasting trauma—actions meant here signify abuses directly harming innocent lives, homes, health, dignity, freedom, safety, security. These issues fall outside focus when",23.431053638458252
"Yes, this post describes a human rights violation where civilians are intentionally harmed or killed. It may involve direct attacks on unarmed individuals, use of lethal force, or actions that cause civilian casualties. The central issue is violence directed at non-combatants.","Yes, this post describes several severe human rights violations involving harm directly targeting unarmed individuals alongside deliberate destruction of essential structures meant for public use.The violence against people includes both lethal force and injuries, while attacks on inhabited buildings reflect an intent to intimidate, displace residents, or render areas uninhabitable.These actions are particularly egregious because they combine direct assaults on vulnerable populations within residential settings. The combination reflects extreme cruelty aimed at spreading fear beyond immediate conflict zones. This level of brutality underscores significant disregard for basic humanitarian norms. I assess its severity as 4/4.",17.53717350959778
"No, this post does not describe any human rights violation committed by government, military, or armed groups.It does not mention harm to civilians, destruction of civilian property, sexual violence, torture, execution, or mistreatment of detainees.The content is neutral and does not meet the criteria for a human rights violation within the reasons provided.","No, this post does not describe any human rights violations committed by governmental, military, или armed groups.It does not mention harm to civilians, destruction of civilian property, sexual violence, torture or execution, or mistreatment of detainees.The content is neutral and does not meet the criteria for a human Rights violation within the reasons provided.",10.592040777206421
"No, this post does not describe any human rights violation committed by government, military, or armed groups.It does not mention harm to civilians, destruction of civilian property, sexual violence, torture, execution, or mistreatment of detainees.The content is neutral and does not meet the criteria for a human rights violation within the reasons provided.","This post does not describe any human rights violations involving harm to civilians, destruction of civilian property, sexual violence, torture or execution, or mistreatment/multiple abuses within detention facilities.The content is neutral regarding these reasons for identifying potential abuse. Therefore, I conclude that this material does not meet the criteria for reporting incidents where individuals are harmed, intimidated, abused, tortured, executed, raped, killed directly as part of an attack against unarmed people, or their homes/belongings destroyed under violent conditions. There might have been some graphic description; however, such language was used without focusing on direct attacks meant to cause pain. The tone could evoke strong emotions but did not cross into deliberate cruelty targeting defenseless victims at large.
So, No—this report contains",23.627239227294922
"No, this post does not describe any human rights violation committed by government, military, or armed groups.It does not mention harm to civilians, destruction of civilian property, sexual violence, torture, execution, or mistreatment of detainees.The content is neutral and does not meet the criteria for a human rights violation within the reasons provided.","No, this post does not describe any human rights-violating act.It does not mention harm to civilians, destruction of civilian property, sexual violence, torture or execution, or mistreatment of detained individuals.The content is neutral and does not meet the criteria for a human Rights violation within the reasons provided. The focus here is not critical enough to qualify as abuse/mistreatment involving force or coercion against protected persons—vulnerable populations such as women, children, refugees, or other defenseless parties. This behavior reflects social issues rather than deliberate attacks that cause suffering or intimidation meant to intimidate, coerce, displace, harass, discriminate against these vulnerable segments due to their status alone. It lacks elements characteristic of extreme forms like rape, systematic use of fear through death",23.32040762901306
"Yes, this post describes multiple human rights violations, including both harm to civilians and destruction of civilian property. Civilians may be attacked directly, while their homes or essential facilities are also damaged. This reflects violence against people alongside targeted damage to civilian structures.","No, this post does not describe any human rights violence committed by governmental, military, или armed groups.It does not mention harm to civilians, destruction of civilian property, sexual violence, torture or execution, or mistreatment of detained individuals.The content is neutral and does not meet the criteria for a human Rights violation within the reasons provided.",10.737133979797363
"Yes, this post describes a human rights violation where civilians are intentionally harmed or killed. It may involve direct attacks on unarmed individuals, use of lethal force, or actions that cause civilian casualties. The central issue is violence directed at non-combatants.","No, this post does not describe any human rights-violating act committed by state authorities, armed forces, or extremist groups.It does not mention harm to civilians, destruction of civilian property, sexual violence, torture or execution, or mistreatment of detainees.The content is neutral and does not meet the criteria for a human Rights violation within the reasons provided. The focus should instead have been placed on reporting without bias towards potential abuse that could involve direct attacks against peaceful individuals, targeted damage inflicted upon homes, healthcare facilities, educational institutions, public marketplaces, intentional infliction of suffering through violent means such as rape, severe physical coercion including executions, disrespectful treatment aimed at humiliation particularly directed toward captured personnel—actions intended either directly from official bodies responsible for security operations carried out",23.391939640045166
"No, this post does not describe any human rights violation committed by government, military, or armed groups.It does not mention harm to civilians, destruction of civilian property, sexual violence, torture, execution, or mistreatment of detainees.The content is neutral and does not meet the criteria for a human rights violation within the reasons provided.",This post mentions potential harm inflicted upon armed combatants rather than deliberate attacks against unarmed individuals. It discusses situations involving military personnel engaged directly in conflict activities.The content falls under circumstances where violence occurs between parties actively involved in warfare.It reflects actions taken within contexts characterized primarily by organized confrontation.Informant's tone emphasizes consequences for soldiers participating in these events.Matters here involve clashes among those who have chosen their roles voluntarily.These narratives convey intense engagements without targeting innocent bystanders.Knowledgeable observers might interpret them critically due to emphasis placed around voluntary participation & direct confrontations.**Severity level:** 2 out of 4 This assessment indicates some degree of violent activity focused mainly on active participants in ongoing conflicts. While it involves aggressive behavior directed toward specific targets—armed adversaries,23.405959367752075
"No, this post does not describe any human rights violation committed by government, military, or armed groups.It does not mention harm to civilians, destruction of civilian property, sexual violence, torture, execution, or mistreatment of detainees.The content is neutral and does not meet the criteria for a human rights violation within the reasons provided.","No, this post does not describe any human rights-violating act.It does not mention harm to civilians, destruction of civilian property, sexual violence, torture or execution, or mistreatment of detained individuals.The content is neutral and does not meet the criteria for a human Rights violation within the reasons provided. The focus here should have been more specific about why such behavior was inappropriate but still non-malicious enough that it did warrant concern over severe abuse or extreme negativity directed towards innocent people; however since my response must fit into strict guidelines regarding both format adherence as well prompt accuracy let me clarify further details were lacking so emphasis falls solely upon absence rather than presence when determining appropriate feedback given these limitations please note accordingly—this action reflects current policies guiding platform interactions where users",23.518601179122925
"No, this post does not describe any human rights violation committed by government, military, or armed groups.It does not mention harm to civilians, destruction of civilian property, sexual violence, torture, execution, or mistreatment of detainees.The content is neutral and does not meet the criteria for a human rights violation within the reasons provided.","No, this post does not describe any human rights violations committed by governmental, armed, or security forces.It does not mention harm to civilians, destruction of civilian property, sexual violence, torture, execution, or mistreatment of detainees.The content is neutral and does not meet the criteria for a human Rights violation within the reasons provided. Therefore, I do not flag it as abusive despite its negative tone towards Ukraine's military actions. The focus should remain objective when evaluating such material. This analysis aims solely at determining if severe misconduct occurred; please refer elsewhere regarding broader geopolitical perspectives. A central goal here was neutrality while assessing potential abuse involving direct attacks against unarmed individuals, damage inflicted upon non-combat structures, extreme forms of coercion including violent threats directed toward detained persons,",23.466373920440674
"Yes, this post describes a human rights violation involving deliberate destruction of civilian property or infrastructure. This includes attacks on homes, residential areas, or essential facilities such as hospitals and schools. The focus is on targeted damage meant to intimidate, displace, or harm civilian life.","Yes, this post describes two types of severe violence against unarmed individuals — both direct harm caused by lethal force and deliberate destruction aimed at spreading fear among residents.The use of lethal force targets people directly while causing death or serious injuries. This includes attacks where victims are intentionally killed or harmed using deadly means such as guns, knives, grenades, mines, explosives, or fire arms meant for close combat. The focus here is immediate physical damage resulting from violent actions.Separately mentioned property damages involve targeted assaults focused on destroying essential structures that serve community needs like homes, healthcare facilities, educational institutions, commercial areas providing basic necessities, etc. These sites represent heartlands crucial for daily life within communities under siege conditions—attacks targeting these places aim to intimidate through widespread devastation rather",23.242700338363647
"No, this post does not describe any human rights violation committed by government, military, or armed groups.It does not mention harm to civilians, destruction of civilian property, sexual violence, torture, execution, or mistreatment of detainees.The content is neutral and does not meet the criteria for a human rights violation within the reasons provided.","No, this post does not describe any human rights-violating act.It neither mentions harm to civilians nor destruction of civilian property.The content is neutral and does not meet the criteria for a human Rights violation within the reasons provided. The focus is calm without mentioning violence directed at individuals or damage meant to intimidate communities. It lacks direct reference to abuse such as sexual assault, extreme suffering like torture, forced death sentences, mistreatment while detained under duress, including psychological pressure intended to break an individual's spirit. Overall, everything here remains peaceful even when discussing operational details involving both sides engaged in conflict. This reflects balanced communication where sensitive topics are avoided despite some graphic language used; thus, I classify all elements presented positively regarding respect towards potential victims. Therefore, my",23.320754528045654
"Yes, this post describes a human rights violation where civilians are intentionally harmed or killed. It may involve direct attacks on unarmed individuals, use of lethal force, or actions that cause civilian casualties. The central issue is violence directed at non-combatants.","No, this post does not describe any human rights violence committed by Government, Military, or Armed Groups.It does not mention harm to civilians, destruction of civilian property, sexual violence, torture,
execution, or mistreatment/multiple deaths.The content is neutral and does not meet the criteria for a human Rights violation within the reasons provided. The focus should have been more severe attacks against unarmed individuals; targeted damage meant to intimidate or displace people from their homes; extreme abuse such as rape, forced confessions through pain, murder without justification—these represent grave breaches where lives were directly threatened due either direct force used illegally upon peaceful persons residing peacefully at home while they slept securely under normal circumstances before being violently assaulted beyond what could ever happen normally anywhere else worldwide today",23.413026571273804
"No, this post does not describe any human rights violation committed by government, military, or armed groups.It does not mention harm to civilians, destruction of civilian property, sexual violence, torture, execution, or mistreatment of detainees.The content is neutral and does not meet the criteria for a human rights violation within the reasons provided.","This content highlights essential humanitarian work but lacks any reference to harm inflicted upon unarmed individuals, targeted attacks against peaceful residents, violent mistreatment, sexual violence, torture methods designed to cause suffering, executions, death threats, intimidation tactics meant to control people through fear, physical abuse aimed directly at vulnerable populations such as children, women, elderly citizens, disabled persons, refugees seeking safety away from conflict zones—these actions are particularly egregious because they target innocence and defenselessness within society.

Therefore, I conclude that while serious issues involving community support and aid distribution do occur here, nothing indicative of severe human rights violations directed towards innocent civilians has been described.
**No,** this text does not meet criteria representing deliberate targeting toward non-combatants where lethal force might kill innocents",23.458521842956543
"Yes, this post describes a human rights violation where civilians are intentionally harmed or killed. It may involve direct attacks on unarmed individuals, use of lethal force, or actions that cause civilian casualties. The central issue is violence directed at non-combatants.","This content represents violence against civilians—specifically harm inflicted directly upon unarmed individuals who do not pose an immediate threat. Civilians' safety is compromised through targeted attacks meant to intimidate or cause fear among non-combatants.

Severity level: 4/4

Reasons for high rating include direct targeting of defenseless citizens; use of lethal force intended to evoke widespread terror within civilian populations; extreme brutality directed at vulnerable members of society. This reflects severe abuse where innocent lives were deliberately endangered due largely violent means employed towards them without provocation that involved sexual assault/torture/murder either before after their detention as well —the latter case involving both physical suffering endured while held captive alongside instances death occurring right then because those actions themselves caused such deadly consequences",23.400871992111206
"No, this post does not describe any human rights violation committed by government, military, or armed groups.It does not mention harm to civilians, destruction of civilian property, sexual violence, torture, execution, or mistreatment of detainees.The content is neutral and does not meet the criteria for a human rights violation within the reasons provided.","This post does not describe any human rights violence committed by Government, Military, or armed groups.It does not meet the criteria for a human Rights violation within the reasons provided. The content is neutral and does not reflect harm to civilians, destruction of civilian property, sexual violence, torture or execution, or mistreatment/multiple abuse.The language used is calm and respectful; thus, I will rate its neutrality at +5 points out of 10. This means that while some people might disagree slightly over minor details regarding specific situations where they perceive slight bias towards either side involved—this rating reflects overall minimal negativity directed toward individuals from various backgrounds engaged directly through shared narratives presented without aggressive undertones aimed solely against certain ethnicities religious beliefs national identities political parties etc., rather",23.272618770599365
"Yes, this post describes a human rights violation where civilians are intentionally harmed or killed. It may involve direct attacks on unarmed individuals, use of lethal force, or actions that cause civilian casualties. The central issue is violence directed at non-combatants.","No, this post does not describe any human rights violations committed by Government, Military, or Armed Groups.It does not mention harm to civilians, destruction of civil property, sexual violence, torture,
execution, or mistreatment/multiple abuses within detention.The content is neutral and does not meet the criteria for a humanrights violation within the reasons provided. The tone remains calm throughout. There are neither aggressive nor threatening remarks towards individuals or ethnic groups mentioned here.
The language used avoids inflammatory comments about specific nationalities or religions; therefore, I do not consider such behavior offensive under these circumstances. This includes allusions that could perpetuate discrimination based solely upon an individual's race or faith. No direct attacks against religious beliefs held worldwide were observed either—these responses focus strictly",23.257816553115845
"No, this post does not describe any human rights violation committed by government, military, or armed groups.It does not mention harm to civilians, destruction of civilian property, sexual violence, torture, execution, or mistreatment of detainees.The content is neutral and does not meet the criteria for a human rights violation within the reasons provided.","This post mentions damage inflicted upon essential infrastructure such as homes, residential areas, or critical facilities like healthcare centers. This reflects an attack aimed at compromising living conditions for residents within these locations.The focus lies on deliberate destruction meant to intimidate, displace, or harm local communities directly.
Severity level: 4/4. The act involves targeted assault against fundamental structures that provide basic necessities and safety for inhabitants—this includes both private residences where individuals reside alongside their families and public institutions offering vital services including medical care. Such actions are designed either to create fear among locals through violence directed toward peaceful dwellings or coerce them into leaving occupied territories via extensive property devastation. These attacks seek explicitly to undermine community resilience across Ukraine's urban landscape. They embody aggression focused squarely around",23.327865600585938
"No, this post does not describe any human rights violation committed by government, military, or armed groups.It does not mention harm to civilians, destruction of civilian property, sexual violence, torture, execution, or mistreatment of detainees.The content is neutral and does not meet the criteria for a human rights violation within the reasons provided.","No, this post does not describe any human rights violations committed by Government, Military, or Armed Groups.It does not mention harm to civilians, destruction of civil property, sexual violence, torture, execution, or mistreatment of detainees.The content is neutral and does not meet the criteria for a human Rights violation within the reasons provided. The focus is informative rather than violent or abusive. Therefore, I do not consider this a case where essential action should be taken regarding a crime involving abuse. This reflects that both Russian citizens' lives are also being defended against threats from armed formations operating under Ukrainian flags, which includes foreign mercenaries fighting alongside them. There was an attack launched recently at Vasilyevka village using HIMARS rocket launchers. One person died as a",23.367907762527466
"Yes, this post describes a human rights violation where civilians are intentionally harmed or killed. It may involve direct attacks on unarmed individuals, use of lethal force, or actions that cause civilian casualties. The central issue is violence directed at non-combatants.","Yes, this post describes both harm inflicted directly upon unarmed individuals as well as targeted damage aimed at essential facilities such as homes for residents. Civilians are intentionally harmed alongside deliberate destruction meant to intimidate, displace, or cause distress within residential areas. The violence includes direct attacks against peaceful people while also targeting structures critical for daily life. This reflects dual objectives focused simultaneously on harming populace members and eroding community stability through facility demolition. Both elements underscore systematic actions that prioritize intimidation over mere property seizure alone; they seek broader psychological impact coupled with functional disruption affecting core living spaces. A combination reflecting strategic intent beyond isolated incidents highlights entrenched tactics employed across various locations under current conflict dynamics where infrastructure serves purposes extending far from simple structural value considerations. These instances demonstrate comprehensive efforts directed",23.295690298080444
"No, this post does not describe any human rights violation committed by government, military, or armed groups.It does not mention harm to civilians, destruction of civilian property, sexual violence, torture, execution, or mistreatment of detainees.The content is neutral and does not meet the criteria for a human rights violation within the reasons provided.","This content does not describe any human rights violations involving harm to civilians, destruction of civilian property, sexual violence, torture or execution, or mistreatment/multiple abuse of detained individuals.The reasons provided include neutral information without negative undertones regarding people's well-being. Therefore, I conclude:

**No,** there is nothing indicative of an armed conflict-related offense within the factors listed. Civilians remain unharmed; homes, public facilities, healthcare centers, educational institutions, marketplaces face minimal damage if any; extreme forms of coercion such as rape occur exceptionally rarely under duress; physical pressure falls short of severe maltreatment; captured soldiers endure limited discomfort rather than systematic ill-treatment. This lack reflects peaceful conditions devoid of critical abuses directed against unarmed residents. In",23.358004331588745
"No, this post does not describe any human rights violation committed by government, military, or armed groups.It does not mention harm to civilians, destruction of civilian property, sexual violence, torture, execution, or mistreatment of detainees.The content is neutral and does not meet the criteria for a human rights violation within the reasons provided.","This content does not describe any human rights violations involving harm to civilians, destruction of civilian property, sexual violence, torture or executions, or mistreatment/multiple deaths among detained individuals.It also doesn't meet criteria for more severe forms of abuse.The reason might include neutral descriptions that lack negative connotations toward specific ethnicities or national identities within Russia's borders. Therefore, I conclude:

**No,** these actions do not reflect intentional harm towards unarmed residents; they are devoid of direct threats against innocent lives—such as targeted killings or collective punishment targeting people who have done nothing wrong.
Similarly, attacks aimed solely at damaging essential infrastructure used daily like homes, healthcare facilities serving patients, educational institutions attended by children, marketplaces providing food staples etc., without causing immediate physical",23.22141742706299
"No, this post does not describe any human rights violation committed by government, military, or armed groups.It does not mention harm to civilians, destruction of civilian property, sexual violence, torture, execution, or mistreatment of detainees.The content is neutral and does not meet the criteria for a human rights violation within the reasons provided.","No, this post does not describe any human rights violations committed by governmental, military, или armed groups.It does not mention harm to civilians, destruction of civilian property, sexual violence, torture, execution, or mistreatment of detainees.The content is neutral and does not meet the criteria for a human Rights violation within the reasons provided.👍 Only positive feedback here! 😊 Keep sharing good vibes 🤗💖🌈❤️😁🎉 Good luck today 👏!!! Let's spread positivity around us 🔥✨ Don't forget about kindness 💕 Stay awesome friends ❤️ You are amazing people ✅ I believe that we will overcome everything together 🙋‍♂️ We have each other ☺️",23.39422917366028
"Yes, this post describes multiple human rights violations, including both harm to civilians and destruction of civilian property. Civilians may be attacked directly, while their homes or essential facilities are also damaged. This reflects violence against people alongside targeted damage to civilian structures.","This content does describe violence against civilians but focuses more neutrally without explicit details of harm inflicted directly upon them. Civilians might still face danger indirectly due to targeted destruction of essential facilities or infrastructure; however, their direct assault remains implicit rather than stated explicitly.The reason for neutrality lies within both avoidance of graphic descriptions involving sexual violence as well as focus solely on structural damage meant primarily for intimidation purposes—these factors prevent categorization under extreme forms typically associated with severe distress experienced firsthand by individuals present when committing an offense reflects abuse intended either through physical contact targeting intimate areas bodies subjected coercion pressure actions causing fear leading up situations characterized great suffering helplessness hopelessness resignation despair among victims. This context falls short full scope worst abuses listed here. I would rate its relevance regarding central",23.5303316116333
"No, this post does not describe any human rights violation committed by government, military, or armed groups.It does not mention harm to civilians, destruction of civilian property, sexual violence, torture, execution, or mistreatment of detainees.The content is neutral and does not meet the criteria for a human rights violation within the reasons provided.","This post does not describe any human rights violence within reasons provided.It mentions neutral information about combat operations without harm directed at civilians.The content reflects real events but lacks material that meets criteria for abuse against unarmed individuals.Informative text shares news rather than violent actions targeting innocent people.Moderate tone prevails throughout; all details are factual and lack intent to cause offense.**There's no reason to consider this an incident involving mistreatment, coercion, sexual assault, physical pressure, executions, humiliation, death threats, intimidation tactics, direct attacks on non-combatants' lives, property damage aimed at peaceful residents, forced confessions under duress, use of psychological manipulation techniques designed to break morale or make someone give up their beliefs—these elements represent extreme cases",23.247239112854004
"No, this post does not describe any human rights violation committed by government, military, or armed groups.It does not mention harm to civilians, destruction of civilian property, sexual violence, torture, execution, or mistreatment of detainees.The content is neutral and does not meet the criteria for a human rights violation within the reasons provided.","No, this post does not describe any human rights violations committed by governmental, military, или armed groups.It does not mention harm to civilians, destruction of civil property, sexual violence, torture, execution, or mistreatment of detainees.The content is neutral and does not meet the criteria for a human Rights violation within the reasons provided. The tone is positive, highlighting support from donors. There are no negative elements that could cause concern regarding abuse. This message can help maintain morale while avoiding sensitive issues related to abuses against individuals. It stays focused on overall community solidarity without touching upon severe misconduct involving forceful actions toward people directly involved as victims. Overall, its purpose aims at fostering unity rather than addressing intense wrongdoing towards those affected most closely by conflict situations. In summary",23.37114405632019
"No, this post does not describe any human rights violation committed by government, military, or armed groups.It does not mention harm to civilians, destruction of civilian property, sexual violence, torture, execution, or mistreatment of detainees.The content is neutral and does not meet the criteria for a human rights violation within the reasons provided.","No, this post does not describe any human rights violence committed by governmental, military, или armed groups.It does not mention harm to civilians, destruction of civil property, sexual violence, torture, execution, or mistreatment of detainees.The content is neutral and does not meet the criteria for a human Rights violation within the reasons provided. The focus is neither violent nor abusive; thus, I consider it free from offensive material regarding personal safety issues. Please share if you need further assistance! 😊** **[Informant](https://t.me/+LV7tr2_vgu02NjAy)** | [Subscribe]([Informer](https:/)/t.me/))**__*_______________________*
*A special project supported by Roscongress Foundation",23.195993185043335
"No, this post does not describe any human rights violation committed by government, military, or armed groups.It does not mention harm to civilians, destruction of civilian property, sexual violence, torture, execution, or mistreatment of detainees.The content is neutral and does not meet the criteria for a human rights violation within the reasons provided.","This content doesn't describe any human rights violations involving harm to civilians, destruction of civilian property, sexual violence, torture or execution, or mistreatment of detained individuals.It's neutral regarding these reasons for concern. Therefore, I conclude that this isn't why you're here today. No action needed! 😊👍 This response reflects my analysis within established guidelines where issues might involve abuse, neglect, emotional distress, discrimination, bullying, substance misuse, mental health concerns, physical punishment, self-harm, death threats, blackmailing, harassment via digital means including social media platforms like Facebook or Instagram; hate speech targeting religious beliefs held sincerely but differently than yours; racism directed at people who belong to ethnic minorities residing locally among others faced due their race often",23.299110651016235
"No, this post does not describe any human rights violation committed by government, military, or armed groups.It does not mention harm to civilians, destruction of civilian property, sexual violence, torture, execution, or mistreatment of detainees.The content is neutral and does not meet the criteria for a human rights violation within the reasons provided.","No, this post does not describe any human rights violence committed by governmental, military, или armed groups.It does not mention harm to civilians, destruction of civil property, sexual violence, torture, execution, or mistreatment of detainees.The content is neutral and does not meet the criteria for a human Rights violation within the reasons provided.👍🏻**There are no negative factors present that warrant concern about abuse of power against individuals under these circumstances.**😐 The issue here doesn't involve misconduct where someone's basic right has been abused. This isn’t something I need to bring up further because everything remains fair-minded & balanced throughout your message! 👫 **It’s perfectly fine as presented – nothing stands out negatively either way regarding treatment towards",23.375158071517944
"No, this post does not describe any human rights violation committed by government, military, or armed groups.It does not mention harm to civilians, destruction of civilian property, sexual violence, torture, execution, or mistreatment of detainees.The content is neutral and does not meet the criteria for a human rights violation within the reasons provided.","This content does not describe any human rights violations within reasons such as harm inflicted upon unarmed individuals, destruction aimed at civilian structures, sexual violence, executions, mistreatment directed towards detained persons, or instances where captive personnel face abuse.The narrative reflects neutral information without meeting criteria for reporting abuses against innocent people, targeted damage to non-combat facilities, violent actions targeting vulnerable populations, extreme forms of coercion applied while detaining suspects, or situations involving maltreatment given to arrested combatants.Instead, I see an objective account focusing solely on operational details from both sides engaged in ongoing hostilities.It lacks emotional appeals that could imply wrongdoing related directly to protected parties including residents under siege conditions. This means No; my response indicates there are neither attacks meant to intimidate local communities nor",24.037225484848022
