Index,channel_id,post_id,date,Post,Trans,Label,Type
26,1409438904,31773,2024-10-07 19:02:26+00:00,"🚨🚔🇻🇪 **Reportan detención del jefe de escoltas de Manuel Rosales**

https://alertas24.com/reportan-detencion-del-jefe-de-escoltas-de-manuel-rosales/

📡📲 Únete a nuestro canal de noticias en Telegram y entérate 24/7 y al instante de las noticias más importantes de Venezuela y el mundo:

https://t.me/Alertas24

📲  **Sigue a Alertas24 en Instagram para recibir más contenido relevante al instante:**

https://instagram.com/Alertas24

Alertas 2️⃣4️⃣",🚨🚔🇻🇪 **Manuel Rosales's Head of Security Reportedly Arrested** https://alertas24.com/reportan-detencion-del-jefe-de-escoltas-de-manuel-rosales/ 📡📲 Join our Telegram news channel and stay informed 24/7 and instantly about the most important news from Venezuela and the world: https://t.me/Alertas24 📲 **Follow Alertas24 on Instagram to receive more relevant content instantly:** https://instagram.com/Alertas24 Alertas 2️⃣4️⃣,No,
27,1409438904,38393,2025-04-15 15:42:03+00:00,"🇺🇸🚔 **ICE arresta a presunto miembro del Tren de Aragua en Utah por violencia doméstica**

https://alertas24.com/ice-arresta-a-presunto-miembro-del-tren-de-aragua-en-utah-por-violencia-domestica/

📡📲 Únete a nuestro canal de noticias en Telegram y entérate 24/7 y al instante de las noticias más importantes de Venezuela y el mundo:

https://t.me/Alertas24

📲  **Sigue a Alertas24 en Instagram para recibir más contenido relevante al instante:**

https://instagram.com/Alertas24

Alertas 2️⃣4️⃣",🇺🇸🚔 **ICE arrests alleged Tren de Aragua gang member in Utah for domestic violence** https://alertas24.com/ice-arresta-a-presunto-miembro-del-tren-de-aragua-en-utah-por-violencia-domestica/ 📡📲 Join our Telegram news channel and get 24/7 instant updates on the most important news from Venezuela and the world: https://t.me/Alertas24 📲 **Follow Alertas24 on Instagram for more relevant content instantly:** https://instagram.com/Alertas24 Alertas 2️⃣4️⃣,No,
28,1375124677,61828,2025-11-29 15:52:36+00:00,"**🇺🇸🇻🇪✈️ El presidente Trump dice que el espacio aéreo en Venezuela está “cerrado en su totalidad”.**

""Esto ocurre después de que @PeteHegseth dijera que Estados Unidos recién está comenzando a matar narcoterroristas.""

**""Quizás pronto veamos una invasión de Venezuela para que ****@MariaCorinaYA****, que necesitará el respaldo financiero y militar de Estados Unidos, pueda asumir el poder en un país que nunca podrá gobernar sin la ayuda de Estados Unidos.""**

""Ella fracasará.China tiene demasiados activos en Venezuela.No tendrá éxito con su cambio de régimen y los contribuyentes estadounidenses tendrán que pagar la factura.""

**Laura Loomer, periodista de investigación de la agencia de noticias Project Veritas, EE.UU**

🌍📡 🇻🇪  𝗖𝗮𝗻𝗮𝗹 𝗣𝗮𝘁𝗿𝗶𝗮 𝗗𝗶𝗴𝗶𝘁𝗮𝗹.

Telegram
https://t.me/PatriaDigital

Instagram
https://bit.ly/43sxGxA

Canal en WhatsApp
https://whatsapp.com/channel/0029VaYsEiEFnSzIkanp4A3K","**🇺🇸🇻🇪✈️ President Trump says Venezuelan airspace is “completely closed.”** “This comes after @PeteHegseth said the United States is only now beginning to kill narco-terrorists.” **“Perhaps we will soon see an invasion of Venezuela so that ****@MariaCorinaYA****, who will need US financial and military backing, can assume power in a country she can never govern without US help.”** “She will fail. China has too many assets in Venezuela. She will not succeed with her regime change, and US taxpayers will have to foot the bill.” **Laura Loomer, investigative journalist for the news agency Project Veritas, USA** 🌍📡 🇻🇪 Digital National Patria Channel. Telegram https://t.me/PatriaDigital Instagram https://bit.ly/43sxGxA WhatsApp Channel https://whatsapp.com/channel/0029VaYsEiEFnSzIkanp4A3K",No,
29,1375124677,41176,2024-06-08 21:41:14+00:00,"#LOÚLTIMO


🔴 **Presidente Maduro declara la Motopirueta como deporte nacional**

El presidente Nicolás Maduro declaró la actividad de motopirueta como deporte nacional en Venezuela.

Soy el presidente de los motopiruetas y tenemos que acabar con la discriminación, con la represión y con cualquier forma de maltrató contra esta actividad, dijo.

[Con información de Polianalitica]


📡 🇻🇪𝗥𝗘𝗗𝗘𝗦 𝗦𝗢𝗖𝗜𝗔𝗟𝗘𝗦

Telegram
https://t.me/PatriaDigital

Instagram
https://bit.ly/4aeiHsj

Sigue nuestro Canal de WhatsApp Nuevo Enlace:
 https://whatsapp.com/channel/0029VaYsEiEFnSzIkanp4A3K","#LATEST 🔴 **President Maduro declares Motodrama a national sport** President Nicolás Maduro declared motodrama a national sport in Venezuela. ""I am the president of motodrama riders, and we must end discrimination, repression, and any form of mistreatment against this activity,"" he said. [With information from Polianalitica] 📡 🇻🇪SOCIAL MEDIA Telegram https://t.me/PatriaDigital Instagram https://bit.ly/4aeiHsj Follow our WhatsApp Channel New Link: https://whatsapp.com/channel/0029VaYsEiEFnSzIkanp4A3K",No,
30,1409438904,23226,2024-01-24 14:37:11+00:00,"🚑🏥 **Un muerto y 8 heridos en choque entre 2 autobuses y una patrulla en Caracas**

https://alertas24.com/sucesos/un-muerto-y-8-heridos-en-choque-entre-2-autobuses-y-una-patrulla-en-caracas/

📡📲 Únete a nuestro canal de noticias en Telegram y entérate 24/7 y al instante de las noticias más importantes de Venezuela y el mundo:

https://t.me/Alertas24

📲  **Sigue a Alertas24 en Instagram para recibir más contenido relevante al instante:**

https://instagram.com/Alertas24

Alertas 2️⃣4️⃣",🚑🏥 **One dead and eight injured in collision between two buses and a patrol car in Caracas** https://alertas24.com/sucesos/un-muerto-y-8-heridos-en-choque-entre-2-autobuses-y-una-patrulla-en-caracas/ 📡📲 Join our news channel on Telegram and get 24/7 instant updates on the most important news from Venezuela and the world: https://t.me/Alertas24 📲 **Follow Alertas24 on Instagram for more relevant content instantly:** https://instagram.com/Alertas24 Alertas 2️⃣4️⃣,No,
31,1409438904,34740,2024-12-23 21:14:56+00:00,"🛥️🔍 **Tres pescadores de La Guaira están desaparecidos desde el viernes 20 de diciembre **

https://alertas24.com/tres-pescadores-de-la-guaira-estan-desaparecidos-desde-el-viernes-20-dic/

📡📲 Únete a nuestro canal de noticias en Telegram y entérate 24/7 y al instante de las noticias más importantes de Venezuela y el mundo:

https://t.me/Alertas24

📲  **Sigue a Alertas24 en Instagram para recibir más contenido relevante al instante:**

https://instagram.com/Alertas24

Alertas 2️⃣4️⃣","🛥️🔍 **Three fishermen from La Guaira have been missing since Friday, December 20th** https://alertas24.com/tres-pescadores-de-la-guaira-estan-desaparecidos-desde-el-viernes-20-dic/ 📡📲 Join our news channel on Telegram and get 24/7 instant updates on the most important news from Venezuela and the world: https://t.me/Alertas24 📲 **Follow Alertas24 on Instagram for more relevant content instantly:** https://instagram.com/Alertas24 Alertas 2️⃣4️⃣",No,
32,1409438904,30324,2024-08-29 00:31:27+00:00,"🚔🙎🏻‍♂️ **Capturado hombre que mató a adolescente por un tendedero de ropa en Bolívar
**
 https://alertas24.com/capturado-hombre-que-mato-a-adolescente-por-un-tendedero-de-ropa-en-bolivar/

📡📲 Únete a nuestro canal de noticias en Telegram y entérate 24/7 y al instante de las noticias más importantes de Venezuela y el mundo:

https://t.me/Alertas24

📲  **Sigue a Alertas24 en Instagram para recibir más contenido relevante al instante:**

https://instagram.com/Alertas24

Alertas 2️⃣4️⃣",🚔🙎🏻‍♂️ **Man arrested for killing teenager over a clothesline in Bolívar** https://alertas24.com/capturado-hombre-que-mato-a-adolescente-por-un-tendedero-de-ropa-en-bolivar/ 📡📲 Join our Telegram news channel and get 24/7 instant updates on the most important news from Venezuela and the world: https://t.me/Alertas24 📲 **Follow Alertas24 on Instagram for more relevant content:** https://instagram.com/Alertas24 Alertas 2️⃣4️⃣,No,
33,1375124677,44510,2024-08-26 14:34:44+00:00,"**🚨🇻🇪🚔 ¿Qué se sabe de la droga incautada en Maiquetía? **

Acá las claves de un duro golpe al narcotráfico:

✔️ Las 3T impregnadas de café, provenía de Colombia y usaron una fachada de un café venezolano.

✔️ Pasó por las trochas Los Vovilleros hacia Rubio, estado Táchira  y de allí con permisología lo trasladaron   a la aduana de Maiquetía.

✔️ En la aduana, la GNB hizo el protocolo de rigor y detectaron que no se trataba de café aromático especial sino de droga.

✔️ La idea era contratar el servicio de carga de CONVIASA, el Gerente de Carga de la aerolínea, Tcnel. César Pérez, quien también es presidente de EMTRASUR, alertó de la situación.

✔️ Es decir, César Pérez, no está detenido, es testigo y colabora con la investigación.

✔️ El dueño de la empresa comercializadora Café El Faraón, Daniel Sepúlveda, huyó a Cúcuta, Norte de Santander - Colombia.

✔️ Se ejecutaron allanamientos en la comercializadora Café El Faraón en Rubio y se recaudaron elementos criminalísticos.

✔️ Se incautaron 9 teléfonos.

✔️ En una primera instancia se detuvieron 10 personas, 8 en Caracas y 2 en Táchira.

✔️ La droga saldría de Venezuela, pasaría por Moscú y luego llegaría a Afganiftan en un avión de la aerolínea de Turkish Airlines, pero fue detectada dando un duro golpe al narcotráfico.

Las investigaciones continúan.

Acá te lo cuento.

Madelein García TeleSUR
https://t.me/MadeleinGarcia


📡 🇻🇪𝗥𝗘𝗗𝗘𝗦 𝗦𝗢𝗖𝗜𝗔𝗟𝗘𝗦

Telegram
https://t.me/PatriaDigital

Instagram
https://bit.ly/4aeiHsj

Sigue nuestro Canal de WhatsApp Nuevo Enlace:
 https://whatsapp.com/channel/0029VaYsEiEFnSzIkanp4A3K","**🚨🇻🇪🚔 What is known about the drugs seized in Maiquetía?** Here are the key points of a major blow to drug trafficking: ✔️ The three packages, impregnated with coffee, came from Colombia and used a Venezuelan coffee as a front. ✔️ They passed through the Los Vovilleros trails towards Rubio, Táchira state, and from there, with the proper permits, were transported to the Maiquetía customs office. ✔️ At customs, the National Guard (GNB) followed standard protocol and discovered that it was not specialty coffee but drugs. ✔️ The plan was to use CONVIASA's cargo service. The airline's Cargo Manager, Lieutenant Colonel César Pérez, who is also the president of EMTRASUR, alerted authorities to the situation. ✔️ In other words, César Pérez is not under arrest; he is a witness and is cooperating with the investigation. ✔️ Daniel Sepúlveda, owner of the Café El Faraón trading company, fled to Cúcuta, Norte de Santander, Colombia. ✔️ Raids were carried out at the Café El Faraón trading company in Rubio, and forensic evidence was collected. ✔️ Nine cell phones were seized. ✔️ Initially, 10 people were arrested: eight in Caracas and two in Táchira. ✔️ The drugs were to originate in Venezuela, pass through Moscow, and then arrive in Afghanistan on a Turkish Airlines flight, but they were intercepted, dealing a significant blow to drug trafficking. The investigation continues. Here's the latest. Madelein García TeleSUR https://t.me/MadeleinGarcia 📡 🇻🇪 SOCIAL MEDIA Telegram https://t.me/PatriaDigital Instagram https://bit.ly/4aeiHsj Follow our WhatsApp Channel New Link: https://whatsapp.com/channel/0029VaYsEiEFnSzIkanp4A3K",No,
34,1375124677,54475,2025-05-13 22:39:33+00:00,"Vicepresidente Sectorial de Planificación, Ricardo Menéndez, sostuvo un encuentro con habitantes de la Comuna José Félix Ribas, en el municipio Plaza del estado Miranda, para conocer sus requerimientos en cuanto a la ejecución de proyectos a realizar mediante las consultas populares.

🌍📡  🇻🇪 𝐂𝐚𝐧𝐚𝐥 𝐏𝐚𝐭𝐫𝐢𝐚 𝐃𝐢𝐠𝐢𝐭𝐚𝐥

Telegram
https://t.me/PatriaDigital

Instagram
https://bit.ly/43sxGxA

Canal en WhatsApp
https://whatsapp.com/channel/0029VaYsEiEFnSzIkanp4A3K","Vice President for Planning, Ricardo Menéndez, met with residents of the José Félix Ribas Commune in the Plaza municipality of Miranda state to learn about their needs regarding the implementation of projects to be carried out through public consultations. 🌍📡 🇻🇪 Digital National Channel Telegram https://t.me/PatriaDigital Instagram https://bit.ly/43sxGxA WhatsApp Channel https://whatsapp.com/channel/0029VaYsEiEFnSzIkanp4A3K",No,
35,1409438904,20845,2023-10-29 18:49:19+00:00,"🇵🇸⚠️ **Miles de personas saquean almacenes con comida de la ONU en Gaza mientras la cifra de muertos supera los 8.000**

https://alertas24.com/internacionales/miles-de-personas-saquean-almacenes-con-comida-de-la-onu-en-gaza-mientras-la-cifra-de-muertos-supera-los-8-000/

📡📲 Únete a nuestro canal de noticias en Telegram y entérate 24/7 y al instante de las noticias más importantes de Venezuela y el mundo:

https://t.me/Alertas24

📲  **Sigue a Alertas24 en Instagram para recibir más contenido relevante al instante:**

https://instagram.com/Alertas24

Alertas 2️⃣4️⃣","🇵🇸⚠️ **Thousands of people loot UN food warehouses in Gaza as the death toll surpasses 8,000** https://alertas24.com/internacionales/miles-de-personas-saquean-almacenes-con-comida-de-la-onu-en-gaza-mientras-la-cifra-de-muertos-supera-los-8-000/ 📡📲 Join our news channel on Telegram and get 24/7 instant updates on the most important news from Venezuela and the world: https://t.me/Alertas24 📲 **Follow Alertas24 on Instagram for more relevant content instantly:** https://instagram.com/Alertas24 Alertas 2️⃣4️⃣",Yes,B
36,1375124677,54675,2025-05-19 12:31:13+00:00,"🇺🇸🇻🇪** MARCO RUBIO asegura que organismos de inteligencia «se equivocaron» con el Tren de ARAGUA **

Rubio sostiene que «una de las advertencias del FBI es que la banda venezolana es una organización terrorista que ha sido “operacionalizada para asesinar» El…

Cuál es tu reacción a esta noticia.

Más detalles en https://impactove.com/marco-rubio-asegura-que-organismos-de-inteligencia-se-equivocaron-con-el-tren-de-aragua/

[ VIAE: Impacto Venezuela]

🌍📡  🇻🇪 𝐂𝐚𝐧𝐚𝐥 𝐏𝐚𝐭𝐫𝐢𝐚 𝐃𝐢𝐠𝐢𝐭𝐚𝐥

Telegram
https://t.me/PatriaDigital

Instagram
https://bit.ly/43sxGxA

Canal en WhatsApp
https://whatsapp.com/channel/0029VaYsEiEFnSzIkanp4A3K",🇺🇸🇻🇪** MARCO RUBIO claims intelligence agencies “were wrong” about the Aragua Train ** Rubio maintains that “one of the FBI’s warnings is that the Venezuelan gang is a terrorist organization that has been ‘operationalized to kill’”... What is your reaction to this news? More details at https://impactove.com/marco-rubio-asegura-que-organismos-de-inteligencia-se-equivocaron-con-el-tren-de-aragua/ [ VIAE: Impacto Venezuela] 🌍📡 🇻🇪 National Patrician Channel Digital Telegram https://t.me/PatriaDigital Instagram https://bit.ly/43sxGxA WhatsApp Channel https://whatsapp.com/channel/0029VaYsEiEFnSzIkanp4A3K,No,
37,1375124677,53494,2025-04-18 11:13:29+00:00,"**🇺🇸🇾🇪 EE.UU. bombardea el puerto yemení de Ras Issa en el Mar Rojo**

Se reportan 38 muertos y 102 heridos, tras el bombardeo por EEUU.

🌍📡  🇻🇪 𝐂𝐚𝐧𝐚𝐥 𝐏𝐚𝐭𝐫𝐢𝐚 𝐃𝐢𝐠𝐢𝐭𝐚𝐥

Telegram
https://t.me/PatriaDigital

Instagram
https://bit.ly/43sxGxA

Canal en WhatsApp
https://whatsapp.com/channel/0029VaYsEiEFnSzIkanp4A3K",**🇺🇸🇾🇪 US bombs Yemeni port of Ras Issa on the Red Sea** 38 dead and 102 wounded reported after the US bombing. 🌍📡 🇻🇪 Digital National Patria Channel Telegram https://t.me/PatriaDigital Instagram https://bit.ly/43sxGxA WhatsApp Channel https://whatsapp.com/channel/0029VaYsEiEFnSzIkanp4A3K,Yes,A
38,1375124677,59254,2025-09-17 00:33:36+00:00,"Presidente Nicolás Maduro  precisó que si en Venezuela existiera una grave crisis política caracterizada por confrontación o violencia interna, lo cual es inexistente dicha situación tendría que ser canalizada como históricamente se ha hecho: mediante el diálogo directo, cara a cara, entre los venezolanos y las venezolanas.

En ese sentido, rechazó categóricamente las pretensiones de algunos sectores, a quienes calificó como “blancos criollos de los apellidos”, que han promovido amenazas contra el país, tales como el lanzamiento de misiles, bombardeos, bloqueos o intentos de invasión.

En ese contexto reafirmó que frente a estas pretensiones hay un consenso nacional, ya que entre el 93% y el 95% de los venezolanos y las venezolanas rechazan y repudian las amenazas militares del gobierno estadounidense contra la República Bolivariana de Venezuela-.

[Madelein García ]

🌍📡  🇻🇪  𝗖𝗮𝗻𝗮𝗹 𝗣𝗮𝘁𝗿𝗶𝗮 𝗗𝗶𝗴𝗶𝘁𝗮𝗹.

Telegram
https://t.me/PatriaDigital

Instagram
https://bit.ly/43sxGxA

Canal en WhatsApp
https://whatsapp.com/channel/0029VaYsEiEFnSzIkanp4A3K","President Nicolás Maduro clarified that if a serious political crisis characterized by internal confrontation or violence were to exist in Venezuela—which it does not—such a situation would have to be addressed as it has historically been: through direct, face-to-face dialogue among Venezuelans. In this regard, he categorically rejected the claims of certain sectors, whom he described as ""white Creoles by surname,"" who have promoted threats against the country, such as missile launches, bombings, blockades, or attempted invasions. In this context, he reaffirmed that there is a national consensus against these claims, as between 93% and 95% of Venezuelans reject and condemn the military threats from the U.S. government against the Bolivarian Republic of Venezuela. [Madelein García] 🌍📡 🇻🇪 𝗖𝗮𝗻𝗮𝗹 𝗣𝗮𝘁𝗿𝗶𝗮 𝗗𝗶𝗴𝗶𝘁𝗮𝗹. Telegram https://t.me/PatriaDigital Instagram https://bit.ly/43sxGxA WhatsApp channel https://whatsapp.com/channel/0029VaYsEiEFnSzIkanp4A3K",No,
39,1409438904,15538,2023-03-22 17:28:47+00:00,"🇻🇪⚠️🗡️ **Intentó asesinar a su hermano con un cuchillo. Detalles: 👇🏻**

https://alertas24.com/sucesos/intento-asesinar-a-su-hermano-con-un-cuchillo/

📡📲 Únete a nuestro canal de noticias en Telegram y entérate 24/7 y al instante de las noticias más importantes de Venezuela y el mundo:

https://t.me/Alertas24

📲  **Sigue a Alertas24 en Instagram para recibir más contenido relevante al instante:**

https://instagram.com/Alertas24

Alertas 2️⃣4️⃣",🇻🇪⚠️🗡️ **He tried to kill his brother with a knife. Details: 👇🏻** https://alertas24.com/sucesos/intento-asesinar-a-su-hermano-con-un-cuchillo/ 📡📲 Join our news channel on Telegram and get 24/7 instant updates on the most important news from Venezuela and the world: https://t.me/Alertas24 📲 **Follow Alertas24 on Instagram to receive more relevant content instantly:** https://instagram.com/Alertas24 Alertas 2️⃣4️⃣,Yes,A
40,1375124677,60247,2025-10-15 10:12:15+00:00,"🚨🇻🇪🚔 Desde la Región de Estratégica de Defensa Integral Capital N8 y en el contexto de la ejecución del **Plan Independencia 200**, fueron activados los **Órganos de Dirección para la Defensa Integral (ODDI)** en la ciudad de Caracas.

🌍📡 🇻🇪  𝗖𝗮𝗻𝗮𝗹 𝗣𝗮𝘁𝗿𝗶𝗮 𝗗𝗶𝗴𝗶𝘁𝗮𝗹.

Telegram
https://t.me/PatriaDigital

Instagram
https://bit.ly/43sxGxA

Canal en WhatsApp
https://whatsapp.com/channel/0029VaYsEiEFnSzIkanp4A3K","🚨🇻🇪🚔 From the Capital N8 Strategic Region of Integral Defense and within the context of the execution of **Plan Independence 200**, the **Directorate Bodies for Integral Defense (ODDI)** were activated in the city of Caracas. 🌍📡 🇻🇪 Digital National Channel. Telegram https://t.me/PatriaDigital Instagram https://bit.ly/43sxGxA WhatsApp Channel https://whatsapp.com/channel/0029VaYsEiEFnSzIkanp4A3K",No,
41,1409438904,21133,2023-11-09 15:35:49+00:00,"🇻🇪🏡✝️ **Hallaron muerto a joven en Maracay**

https://alertas24.com/sucesos/hallaron-muerto-a-joven-en-maracay/

📡📲 Únete a nuestro canal de noticias en Telegram y entérate 24/7 y al instante de las noticias más importantes de Venezuela y el mundo:

https://t.me/Alertas24

📲  **Sigue a Alertas24 en Instagram para recibir más contenido relevante al instante:**

https://instagram.com/Alertas24

Alertas 2️⃣4️⃣",🇻🇪🏡✝️ **Young man found dead in Maracay** https://alertas24.com/sucesos/hallaron-muerto-a-joven-en-maracay/ 📡📲 Join our Telegram news channel and stay informed 24/7 and instantly about the most important news from Venezuela and the world: https://t.me/Alertas24 📲 **Follow Alertas24 on Instagram to receive more relevant content instantly:** https://instagram.com/Alertas24 Alertas 2️⃣4️⃣,No,
42,1409438904,43674,2025-11-05 20:27:07+00:00,"🚒🚑 **Un muerto y dos heridos al derrumbarse un pozo minero en El Callao**

 https://alertas24.com/un-muerto-y-dos-heridos-al-derrumbarse-un-pozo-minero-en-el-callao/

📡📲 Únete a nuestro canal de noticias en Telegram y entérate 24/7 y al instante de las noticias más importantes de Venezuela y el mundo:

https://t.me/Alertas24

📲  **Suscríbete a Alertas 24 en YouTube para recibir más contenido relevante al instante:**

https://youtube.com/@Alertas24

Alertas 2️⃣4️⃣",🚒🚑 **One dead and two injured after a mine shaft collapses in El Callao** https://alertas24.com/un-muerto-y-dos-heridos-al-derrumbarse-un-pozo-minero-en-el-callao/ 📡📲 Join our news channel on Telegram and get 24/7 instant updates on the most important news from Venezuela and the world: https://t.me/Alertas24 📲 **Subscribe to Alertas 24 on YouTube to receive more relevant content instantly:** https://youtube.com/@Alertas24 Alertas 2️⃣4️⃣,No,
43,1409438904,31892,2024-10-10 13:45:27+00:00,"⚽✝️ **Hallan muerto en la piscina de su casa al futbolista George Baldock**

https://alertas24.com/hallan-muerto-en-la-piscina-de-su-casa-al-futbolista-george-baldock/

📡📲 Únete a nuestro canal de noticias en Telegram y entérate 24/7 y al instante de las noticias más importantes de Venezuela y el mundo:

https://t.me/Alertas24

📲  **Sigue a Alertas24 en Instagram para recibir más contenido relevante al instante:**

https://instagram.com/Alertas24

Alertas 2️⃣4️⃣",⚽✝️ **Footballer George Baldock Found Dead in His Home's Swimming Pool** https://alertas24.com/hallan-muerto-en-la-piscina-de-su-casa-al-futbolista-george-baldock/ 📡📲 Join our Telegram news channel and get 24/7 instant updates on the most important news from Venezuela and the world: https://t.me/Alertas24 📲 **Follow Alertas24 on Instagram for more relevant content instantly:** https://instagram.com/Alertas24 Alertas 2️⃣4️⃣,No,
44,1409438904,16908,2023-06-03 21:16:06+00:00,"🇻🇪🇵🇦🗣️** ""He entendido que si no tienes un contacto o alguien influyente mueres en el intento"": Hermana de venezolano desaparecido en Panamá**

https://alertas24.com/nacionales/he-entendido-que-si-no-tienes-un-contacto-o-alguien-influyente-mueres-en-el-intento-hermana-de-venezolano-desaparecido-en-panama/

📡📲 Únete a nuestro canal de noticias en Telegram y entérate 24/7 y al instante de las noticias más importantes de Venezuela y el mundo:

https://t.me/Alertas24

📲  **Sigue a Alertas24 en Instagram para recibir más contenido relevante al instante:**

https://instagram.com/Alertas24

Alertas 2️⃣4️⃣","🇻🇪🇵🇦🗣️** ""I've understood that if you don't have a contact or someone influential, you die trying"": Sister of Venezuelan missing in Panama** https://alertas24.com/nacionales/he-entendido-que-si-no-tienes-un-contacto-o-alguien-influyente-mueres-en-el-intento-hermana-de-venezolano-desaparecido-en-panama/ 📡📲 Join our news channel on Telegram and get 24/7 instant updates on the most important news from Venezuela and the world: https://t.me/Alertas24 📲 **Follow Alertas24 on Instagram to receive more relevant content instantly:** https://instagram.com/Alertas24 Alertas 2️⃣4️⃣",No,
45,1409438904,29252,2024-07-29 19:21:02+00:00,"🚨🗳️🇻🇪 **Decenas de manifestantes de Las Minas de Baruta salen a recorrer las calles de Lomas de La Trinidad y Terrazas de Club Hípico mientras vecinos se van sumando a la caminata.**

[Vía Alberto Torres y Crónica Uno]

📡📲 Únete a nuestro canal de noticias en Telegram y entérate 24/7 y al instante de las noticias más importantes de Venezuela y el mundo:

https://t.me/Alertas24

📲  **Sigue a Alertas24 en Instagram para recibir más contenido relevante al instante:**

https://instagram.com/Alertas24

Alertas 2️⃣4️⃣",🚨🗳️🇻🇪 **Dozens of protesters from Las Minas de Baruta marched through the streets of Lomas de La Trinidad and Terrazas de Club Hípico as residents joined the march.** [Via Alberto Torres and Crónica Uno] 📡📲 Join our Telegram news channel and stay informed 24/7 and instantly about the most important news from Venezuela and the world: https://t.me/Alertas24 📲 **Follow Alertas24 on Instagram to receive more relevant content instantly:** https://instagram.com/Alertas24 Alertas 2️⃣4️⃣,No,
46,1409438904,22896,2024-01-12 17:31:05+00:00,"💊🩺 **FundaRedes: Profesor Tarazona padece 10 patologías y consume 19 medicamentos diarios en medio de su detención **

https://alertas24.com/nacionales/fundaredes-profesor-tarazona-padece-10-patologias-y-consume-19-medicamentos-diarios/

📡📲 Únete a nuestro canal de noticias en Telegram y entérate 24/7 y al instante de las noticias más importantes de Venezuela y el mundo:

https://t.me/Alertas24

📲  **Sigue a Alertas24 en Instagram para recibir más contenido relevante al instante:**

https://instagram.com/Alertas24

Alertas 2️⃣4️⃣",💊🩺 **FundaRedes: Professor Tarazona suffers from 10 illnesses and takes 19 medications daily while in detention** https://alertas24.com/nacionales/fundaredes-profesor-tarazona-padece-10-patologias-y-consume-19-medicamentos-diarios/ 📡📲 Join our news channel on Telegram and stay informed 24/7 and instantly about the most important news from Venezuela and the world: https://t.me/Alertas24 📲 **Follow Alertas24 on Instagram to receive more relevant content instantly:** https://instagram.com/Alertas24 Alertas 2️⃣4️⃣,No,
47,1409438904,33691,2024-11-25 16:45:21+00:00,"🇮🇷🇮🇱 **Líder supremo de Irán: ""Debe dictarse la pena de muerte para Benjamín  Netanyahu""**

https://alertas24.com/lider-supremo-de-iran-debe-dictarse-la-pena-de-muerte-para-benjamin-netanyahu/

📡📲 Únete a nuestro canal de noticias en Telegram y entérate 24/7 y al instante de las noticias más importantes de Venezuela y el mundo:

https://t.me/Alertas24

📲  **Sigue a Alertas24 en Instagram para recibir más contenido relevante al instante:**

https://instagram.com/Alertas24

Alertas 2️⃣4️⃣","🇮🇷🇮🇱 **Iran's Supreme Leader: ""Benjamin Netanyahu Must Be Sentenced to Death""** https://alertas24.com/lider-supremo-de-iran-debe-dictarse-la-pena-de-muerte-para-benjamin-netanyahu/ 📡📲 Join our Telegram news channel and stay informed 24/7 and instantly about the most important news from Venezuela and the world: https://t.me/Alertas24 📲 **Follow Alertas24 on Instagram to receive more relevant content instantly:** https://instagram.com/Alertas24 Alertas 2️⃣4️⃣",No,
48,1375124677,35190,2023-12-06 19:59:16+00:00,"🔵** Delsa Solórzano condena órdenes de captura contra opositores y asegura que la medida es una violación a los acuerdos de Barbados. **

Estamos documentando los casos para remitirlos a los organismos internacionales correspondientes, en defensa de los DDHH.

[Con información de Polianalitica]

📡  🇻🇪 𝗥𝗘𝗗𝗘𝗦 𝗦𝗢𝗖𝗜𝗔𝗟𝗘𝗦

Telegram
https://t.me/PatriaDigital

Instagram
https://bit.ly/4aeiHsj

Canal en WhatsApp
https://bit.ly/3MfVxXZ

Facebook
http://bit.ly/3ltIQ1j

X
http://bit.ly/3YGIjHr

WhatsApp Apure
https://bit.ly/3Jla3fG",🔵** Delsa Solórzano condemns arrest warrants against opposition members and asserts that the measure violates the Barbados agreements. ** We are documenting the cases to refer them to the relevant international organizations in defense of human rights. [With information from Polianalitica] 📡 🇻🇪 SOCIAL MEDIA Telegram https://t.me/PatriaDigital Instagram https://bit.ly/4aeiHsj WhatsApp Channel https://bit.ly/3MfVxXZ Facebook http://bit.ly/3ltIQ1j X http://bit.ly/3YGIjHr WhatsApp Apure https://bit.ly/3Jla3fG,No,
49,1246484941,56585,2025-07-29 15:57:49+00:00,"Con la humildad de un obrero, de un hombre de a pie, hace un año recibí la credencial que me proclamó como Presidente Electo de la República Bolivariana de Venezuela, para el período 2025-2031. Este mandato del pueblo lo asumo cada día con un profundo compromiso que los apellidos y el imperialismo nunca perdonarán porque es la esencia de nuestra Revolución.

Recordamos aquel momento, sabiendo que la Paz de Venezuela triunfó, a pesar de los intentos de instaurar la violencia con ataques coordinados, la acción de mercenarios y sicarios para generar división, intolerancia y odio, sin embargo logramos restablecer la tranquilidad en tiempo récord. En 48 horas los comanditos terroristas fueron derrotados; demostramos que el amor siempre vencerá.

Que la Paz y la unión entre todas y todos sea irreversible y grande ¡Esa es nuestra meta!","With the humility of a worker, an ordinary man, a year ago I received the credential that proclaimed me President-Elect of the Bolivarian Republic of Venezuela for the 2025-2031 term. I assume this mandate from the people every day with a profound commitment that notion of family ties or imperialism will ever forgive, for it is the essence of our Revolution. We remember that moment, knowing that peace triumphed in Venezuela, despite attempts to instill violence through coordinated attacks, the actions of mercenaries and hired killers to sow division, intolerance, and hatred. Nevertheless, we managed to restore tranquility in record time. In 48 hours, the terrorist cells were defeated; we demonstrated that love will always prevail. May peace and unity among all be irreversible and great! That is our goal!",No,
50,1246484941,37660,2023-11-10 18:26:34+00:00,"**#MCU**** || ****#Venezuela**** presenta Mapa Geopolítico de Sanciones al Grupo de Amigos en Defensa de la Carta de la ****#ONU**** de ****#Ginebra**

El viceministro de Políticas Antibloqueo del Ministerio del Poder Popular de Economía y Finanzas, William Castillo Bollé, presentó este jueves el Mapa Geopolítico de Sanciones, elaborado por Venezuela, a los embajadores representantes permanentes de los Estados miembros del Grupo de Amigos en Defensa de la Carta de las Naciones Unidas – Capítulo Ginebra, y a la Relatora Especial sobre las repercusiones negativas de las medidas coercitivas unilaterales en el disfrute de los derechos humanos, Alena Douhan.

#10Nov
https://n9.cl/jfrn1","**#MCU**** || ****#Venezuela**** presents Geopolitical Map of Sanctions to the Group of Friends in Defense of the UN Charter ****#UN**** in ****#Geneva** The Vice Minister of Anti-Blockade Policies of the Ministry of People's Power for Economy and Finance, William Castillo Bollé, presented this Thursday the Geopolitical Map of Sanctions, prepared by Venezuela, to the ambassadors and permanent representatives of the member states of the Group of Friends in Defense of the Charter of the United Nations – Geneva Chapter, and to the Special Rapporteur on the negative impact of unilateral coercive measures on the enjoyment of human rights, Alena Douhan. #10Nov https://n9.cl/jfrn1",No,
51,1409438904,14052,2023-01-10 03:08:01+00:00,"🚨💥🚗 **AHORA. Accidente de tránsito en Yaracuy deja dos muertos y dos heridos:
**
La noche de este lunes se produjo un accidente de tránsito en la Troncal 11 (carretera Chivacoa -Nirgua) en el municipio Bruzual, estado Yaracuy.

El periodista César Antonio Montes informó hace minutos que todos los involucrados iban en el mismo vehículo.

El conductor perdió el control, impactó el carro contra un árbol y el mismo estalló. Dos personas murieron en el sitio carbonizadas, mientras que las otras dos presentan serias quemaduras, detalló.

Los heridos serían dos hombres, de 20 y 32 años. Trascendió que todos son del estado Lara.

De momento, se desconocen más detalles.

📸 Foto: Yaracuy Al Día.

**En desarrollo...**

📡📲 Únete a nuestro canal de noticias en Telegram y entérate 24/7 y al instante de las noticias más importantes de Venezuela y el mundo:

 https://t.me/Alertas24

📲  **Sigue a Alertas24 en Instagram para recibir más contenido relevante al instante:**

https://instagram.com/Alertas24

Alertas 2️⃣4️⃣","🚨💥🚗 **NOW. Traffic accident in Yaracuy leaves two dead and two injured:** A traffic accident occurred Monday night on Trunk Road 11 (Chivacoa-Nirgua highway) in the Bruzual municipality, Yaracuy state. Journalist César Antonio Montes reported minutes ago that all those involved were in the same vehicle. The driver lost control, crashed the car into a tree, and the vehicle exploded. Two people died at the scene, burned beyond recognition, while the other two suffered serious burns, he detailed. The injured are reportedly two men, ages 20 and 32. It has been reported that all are from Lara state. Further details are currently unknown. 📸 Photo: Yaracuy Al Día. **Developing story...** 📡📲 Join our Telegram news channel and stay informed 24/7 and instantly about the most important news from Venezuela and the world: https://t.me/Alertas24 📲 **Follow Alertas24 on Instagram to receive more relevant content instantly:** https://instagram.com/Alertas24 Alertas 2️⃣4️⃣",No,
52,1375124677,63713,2026-01-19 12:08:38+00:00,"**Tragedia en España: Se eleva a 39 la cifra de muertos en el descarrilamiento de tren en Adamuz.**

El balance de la tragedia aumentó durante la noche, situándose en 39 muertos a primera hora de la mañana del lunes, según una portavoz del Ministerio del Interior. El balance previo era de 21 fallecidos.

 https://acortar.link/L2SDmX

[Alberto News]

🌍📡 🇻🇪  𝗖𝗮𝗻𝗮𝗹 𝗣𝗮𝘁𝗿𝗶𝗮 𝗗𝗶𝗴𝗶𝘁𝗮𝗹.

Telegram
https://t.me/PatriaDigital

Instagram
https://bit.ly/43sxGxA

Canal en WhatsApp
https://whatsapp.com/channel/0029VaYsEiEFnSzIkanp4A3K","**Tragedy in Spain: Death toll rises to 39 in Adamuz train derailment.** The death toll from the tragedy rose overnight, reaching 39 by early Monday morning, according to a spokesperson for the Interior Ministry. The previous death toll was 21. https://acortar.link/L2SDmX [Alberto News] 🌍📡 🇻🇪 Digital National Channel. Telegram https://t.me/PatriaDigital Instagram https://bit.ly/43sxGxA WhatsApp Channel https://whatsapp.com/channel/0029VaYsEiEFnSzIkanp4A3K",No,
53,1409438904,43704,2025-11-07 18:39:09+00:00,"🇻🇪🚔 **Hombre abusó y embarazó a sus dos hijastras adolescentes en Zulia**

https://alertas24.com/hombre-abuso-y-embarazo-a-sus-dos-hijastras-adolescentes-en-zulia/

📡📲 Únete a nuestro canal de noticias en Telegram y entérate 24/7 y al instante de las noticias más importantes de Venezuela y el mundo:

https://t.me/Alertas24

📲  **Suscríbete a Alertas 24 en YouTube para recibir más contenido relevante al instante:**

https://youtube.com/@Alertas24

Alertas 2️⃣4️⃣",🇻🇪🚔 **Man abused and impregnated his two teenage stepdaughters in Zulia** https://alertas24.com/hombre-abuso-y-embarazo-a-sus-dos-hijastras-adolescentes-en-zulia/ 📡📲 Join our news channel on Telegram and get 24/7 instant updates on the most important news from Venezuela and the world: https://t.me/Alertas24 📲 **Subscribe to Alertas 24 on YouTube to receive more relevant content instantly:** https://youtube.com/@Alertas24 Alertas 2️⃣4️⃣,Yes,C
54,1409438904,36453,2025-02-16 23:23:01+00:00,"✝️🚣‍♀ **Protección Civil localiza cuerpo de pescador desaparecido en playa de Falcón**

https://alertas24.com/proteccion-civil-localiza-cuerpo-de-pescador-desaparecido-en-playa-de-falcon/

📡📲 Únete a nuestro canal de noticias en Telegram y entérate 24/7 y al instante de las noticias más importantes de Venezuela y el mundo:

https://t.me/Alertas24

📲  **Sigue a Alertas24 en Instagram para recibir más contenido relevante al instante:**

https://instagram.com/Alertas24

Alertas 2️⃣4️⃣",✝️🚣‍♀ **Civil Protection locates body of missing fisherman on Falcón beach** https://alertas24.com/proteccion-civil-localiza-cuerpo-de-pescador-desaparecido-en-playa-de-falcon/ 📡📲 Join our news channel on Telegram and get 24/7 instant updates on the most important news from Venezuela and the world: https://t.me/Alertas24 📲 **Follow Alertas24 on Instagram to receive more relevant content instantly:** https://instagram.com/Alertas24 Alertas 2️⃣4️⃣,No,
55,1409438904,25039,2024-03-27 22:41:39+00:00,"🚔✝️ **Detenido un hombre en Lara por matar a tubazos al novio de su exesposa**

https://alertas24.com/sucesos/detenido-un-hombre-en-lara-por-matar-a-tubazos-al-novio-de-su-exesposa/

📡📲 Únete a nuestro canal de noticias en Telegram y entérate 24/7 y al instante de las noticias más importantes de Venezuela y el mundo:

https://t.me/Alertas24

📲  **Sigue a Alertas24 en Instagram para recibir más contenido relevante al instante:**

https://instagram.com/Alertas24

Alertas 2️⃣4️⃣",🚔✝️ **Man arrested in Lara for beating his ex-wife's boyfriend to death with a pipe** https://alertas24.com/sucesos/detenido-un-hombre-en-lara-por-matar-a-tubazos-al-novio-de-su-exesposa/ 📡📲 Join our Telegram news channel and get 24/7 instant updates on the most important news from Venezuela and the world: https://t.me/Alertas24 📲 **Follow Alertas24 on Instagram for more relevant content:** https://instagram.com/Alertas24 Alertas 2️⃣4️⃣,Yes,A
56,1375124677,57712,2025-08-03 00:39:23+00:00,"Vicepresidente de Movilización del PSUV, Nahum Fernández, expresó que este sábado se ha visto una manifestación de amor de fe y un pueblo venezolano que cree en Jesús Cristo.

En este sentido, recordó que por Decreto del Presidente Nicolás Maduro, el primer sábado de agosto anualmente, se celebrará el Día Nacional ""**La Marcha para Jesús**"" , destinado a que el pueblo evangélico marche por todas las calles del país expresando su sentir.

🌍📡  🇻🇪  𝗖𝗮𝗻𝗮𝗹 𝗣𝗮𝘁𝗿𝗶𝗮 𝗗𝗶𝗴𝗶𝘁𝗮𝗹.

Telegram
https://t.me/PatriaDigital

Instagram
https://bit.ly/43sxGxA

Canal en WhatsApp
https://whatsapp.com/channel/0029VaYsEiEFnSzIkanp4A3K","PSUV Vice President of Mobilization, Nahum Fernández, stated that this Saturday witnessed a demonstration of love and faith, showing the Venezuelan people's belief in Jesus Christ. He recalled that, by decree of President Nicolás Maduro, the first Saturday of August will be celebrated annually as the National Day ""The March for Jesus,"" intended to allow the evangelical community to march through the streets of the country expressing their faith. 🌍📡 🇻🇪 Digital National Channel. Telegram https://t.me/PatriaDigital Instagram https://bit.ly/43sxGxA WhatsApp Channel https://whatsapp.com/channel/0029VaYsEiEFnSzIkanp4A3K",No,
57,1409438904,42972,2025-09-29 22:57:32+00:00,"🇨🇱✝️ **Hallan cuerpo de joven venezolano desaparecido en Chile**

https://alertas24.com/hallan-cuerpo-de-joven-venezolano-desaparecido-en-chile/

📡📲 Únete a nuestro canal de noticias en Telegram y entérate 24/7 y al instante de las noticias más importantes de Venezuela y el mundo:

https://t.me/Alertas24

📲  **Suscríbete a Alertas 24 en YouTube para recibir más contenido relevante al instante:**

https://youtube.com/@Alertas24

Alertas 2️⃣4️⃣",🇨🇱✝️ **Body of young Venezuelan man missing in Chile found** https://alertas24.com/hallan-cuerpo-de-joven-venezolano-desaparecido-en-chile/ 📡📲 Join our news channel on Telegram and get 24/7 instant updates on the most important news from Venezuela and the world: https://t.me/Alertas24 📲 **Subscribe to Alertas 24 on YouTube to receive more relevant content instantly:** https://youtube.com/@Alertas24 Alertas 2️⃣4️⃣,No,
58,1409438904,42170,2025-08-27 22:33:30+00:00,"🚔🙎🏻‍♂️ **Detenido por abuso sexual a una niña de 11 años**

https://alertas24.com/detenido-por-abuso-sexual-a-una-nina-de-11-anos/

📡📲 Únete a nuestro canal de noticias en Telegram y entérate 24/7 y al instante de las noticias más importantes de Venezuela y el mundo:

https://t.me/Alertas24

📲  **Suscríbete a Alertas 24 en YouTube para recibir más contenido relevante al instante:
**
https://youtube.com/@Alertas24

Alertas 2️⃣4️⃣",🚔🙎🏻‍♂️ **Man arrested for sexually abusing an 11-year-old girl** https://alertas24.com/detenido-por-abuso-sexual-a-una-nina-de-11-anos/ 📡📲 Join our news channel on Telegram and stay informed 24/7 and instantly about the most important news from Venezuela and the world: https://t.me/Alertas24 📲 **Subscribe to Alertas 24 on YouTube to receive more relevant content instantly:** https://youtube.com/@Alertas24 Alertas 2️⃣4️⃣,Yes,"C, A"
59,1375124677,48645,2024-12-02 01:35:57+00:00,"**🔵 🇪🇸 🇺🇸 🇳🇱.🇨🇷 Fracasó protesta mundial convocada por MCM**

Oposición no respondió a la jornada de protesta mundial convocada por MCM y Edmundo González Urrutia para exigir a la CPI que actúe contra el gobierno de Venezuela, entre los países dónde se reportaron actividad figuran EEUU, España, Colombia, Costa Rica, Japón, Países Bajos, Venezuela entre otros, la asistencia fue muy baja y no logro llenar las calles o puntos de concentración establecidos,

En Madrid, España, fué uno de los puntos de concentración dónde se observó más participación, dónde se realizó una movilización.

Observen las imágenes y saquen sus conclusiones.

📷 Cortesía


🌍📡  🇻🇪 𝐂𝐚𝐧𝐚𝐥 𝐏𝐚𝐭𝐫𝐢𝐚 𝐃𝐢𝐠𝐢𝐭𝐚𝐥

https://t.me/PatriaDigital

Instagram
https://bit.ly/4aeiHsj

Canal en WhatsApp
https://whatsapp.com/channel/0029VaYsEiEFnSzIkanp4A3K","**🔵 🇪🇸 🇺🇸 🇳🇱.🇨🇷 Global Protest Called by MCM Fails** The opposition did not respond to the global day of protest called by MCM and Edmundo González Urrutia to demand that the ICC take action against the Venezuelan government. Among the countries where activity was reported were the US, Spain, Colombia, Costa Rica, Japan, the Netherlands, and Venezuela, among others. Attendance was very low and failed to fill the streets or designated gathering points. Madrid, Spain, was one of the gathering points where the most participation was observed, and a demonstration took place. Observe the images and draw your own conclusions. 📷 Courtesy 🌍📡 🇻🇪 Digital National Patria Channel https://t.me/PatriaDigital Instagram https://bit.ly/4aeiHsj WhatsApp Channel https://whatsapp.com/channel/0029VaYsEiEFnSzIkanp4A3K",No,
60,1375124677,49087,2024-12-14 00:30:53+00:00,"**🚨🔥🚒 Explosión de bombona de gas en el sector Dos Laguna, carretera Panamericana deja 8 muertos**

Nahum Fernández jefe de Gobierno de Caracas informó del fallecimiento de 8 personas en una vivienda ubicada en el sector Dos Laguna del kilómetro dos de la carretera Panamericana tras la explosión de una Bombona de gas y posterior incendio que consumió el inmueble

Se conoció que los padres de los menores se encontraban trabajando cuando les informaron del siniestro

Desde el lugar de los hechos el periodista de sucesos Román Camacho detalló que los fallecidos en el incendio son menores de edad y están identificados como:

Lista de Personas Fallecidas.

1)Cleiver Valero 14 años
2)Yonny Guillen 11 años
3)Victoria guillen 8 años
4)David Guillen 6 años
5)Antonella Guillen 4 años
6)Daviana Guillen 16 años
7)Diana Guillen 15 años
8)Yoselyn López 17 años
9)15 días de nacido lian alexander guillen lopez


🌍📡  🇻🇪 𝐂𝐚𝐧𝐚𝐥 𝐏𝐚𝐭𝐫𝐢𝐚 𝐃𝐢𝐠𝐢𝐭𝐚𝐥

https://t.me/PatriaDigital

Instagram
https://bit.ly/4aeiHsj

Canal en WhatsApp
https://whatsapp.com/channel/0029VaYsEiEFnSzIkanp4A3K","**🚨🔥🚒 Gas cylinder explosion in the Dos Laguna sector, Pan-American Highway, leaves 8 dead** Nahum Fernández, head of the Caracas government, reported the death of 8 people in a house located in the Dos Laguna sector at kilometer two of the Pan-American Highway after a gas cylinder explosion and subsequent fire that consumed the building. It was learned that the parents of the children were at work when they were informed of the incident. From the scene, crime reporter Román Camacho detailed that the deceased in the fire were minors and are identified as follows: List of Deceased Persons. 1) Cleiver Valero, 14 years old 2) Yonny Guillen, 11 years old 3) Victoria Guillen, 8 years old 4) David Guillen, 6 years old 5) Antonella Guillen, 4 years old 6) Daviana Guillen, 16 years old 7) Diana Guillen, 15 years old 8) Yoselyn López, 17 years old 9) Lian Alexander Guillen Lopez, 15 days old 🌍📡 🇻🇪 𝐂𝐚𝐧𝐚𝐥 𝐏𝐚𝐭𝐫𝐢𝐚 𝐃𝐢𝐠𝐢𝐭𝐚𝐥 https://t.me/PatriaDigital Instagram https://bit.ly/4aeiHsj WhatsApp Channel https://whatsapp.com/channel/0029VaYsEiEFnSzIkanp4A3K",No,
61,1375124677,42631,2024-07-15 18:42:57+00:00,"🔴 **Diosdado cabello cuestionó a Edmundo González y a María Corina Machado por irrespetar a las autoridades de la UCV.**

 ➡️ ¿Ellos van a reconocer la victoria de Nicolás Maduro? Señor opositor, esta gente lo está engañando, lo está manipulando y lo quiere llevar a un espiral de violencia otra vez.

 VTV

📡 🇻🇪𝗥𝗘𝗗𝗘𝗦 𝗦𝗢𝗖𝗜𝗔𝗟𝗘𝗦

📱 Telegram
https://t.me/PatriaDigital

📱 Instagram
https://bit.ly/4aeiHsj

📱Sigue nuestro Canal de WhatsApp Nuevo Enlace:
 https://whatsapp.com/channel/0029VaYsEiEFnSzIkanp4A3K","🔴 **Diosdado Cabello questioned Edmundo González and María Corina Machado for disrespecting the authorities of the UCV (Central University of Venezuela).** ➡️ Are they going to recognize Nicolás Maduro's victory? Mr. Opposition member, these people are deceiving you, manipulating you, and want to lead you into another spiral of violence. VTV 📡 🇻🇪 SOCIAL MEDIA 📱 Telegram https://t.me/PatriaDigital 📱 Instagram https://bit.ly/4aeiHsj 📱 Follow our WhatsApp Channel New Link: https://whatsapp.com/channel/0029VaYsEiEFnSzIkanp4A3K",No,
62,1375124677,59516,2025-09-24 16:43:45+00:00,"**🇦🇷Milei ante la ONU:**

🟢Quiero reiterar nuestro reclamo legítimo e irrenunciable sobre** la soberanía de las Islas Malvinas**, **Georgias del Sur**, **Sandwich del Sur** y los espacios marítimos circundantes que permanecen **ocupados ilegalmente**.

🟢Estamos asistiendo a una escalada inadmisible en la **violencia política** por parte de la **izquierda** a nivel global. Violencia que en Argentina conocemos muy bien.

RT Español

🌍📡  🇻🇪  𝗖𝗮𝗻𝗮𝗹 𝗣𝗮𝘁𝗿𝗶𝗮 𝗗𝗶𝗴𝗶𝘁𝗮𝗹.

Telegram
https://t.me/PatriaDigital

Instagram
https://bit.ly/43sxGxA

Canal en WhatsApp
https://whatsapp.com/channel/0029VaYsEiEFnSzIkanp4A3K","**🇦🇷Milei before the UN:** 🟢I want to reiterate our legitimate and inalienable claim to the sovereignty of the Malvinas Islands, South Georgia, the South Sandwich Islands, and the surrounding maritime areas that remain illegally occupied. 🟢We are witnessing an unacceptable escalation of political violence by the left on a global scale. Violence that we in Argentina know all too well. RT Español 🌍📡 🇻🇪 Digital National Channel. Telegram https://t.me/PatriaDigital Instagram https://bit.ly/43sxGxA WhatsApp Channel https://whatsapp.com/channel/0029VaYsEiEFnSzIkanp4A3K",No,
2552,1409438904,18358,2023-07-29 15:27:35+00:00,"🚨🚔🗣️ **Detenidos dos exfuncionarios policiales por practicar un falso procedimiento en Carabobo:**

Christian Mendoza y Jonathan Lamas fueron aprehendidos tras practicar un falso procedimiento en el domicilio de una familia en los Guayos, estado Carabobo.

Según lo informado por el Ministerio Público, los detenidos se hicieron pasar por funcionarios policiales activos.

Ambos habían sido expulsados en el pasado de sus comandos por prácticas irregulares.

Serán imputados por los delitos de Violación al Domicilio, Uso de Facsímil de Arma de Fuego y Agavillamiento.

📡📲 Únete a nuestro canal de noticias en Telegram y entérate 24/7 y al instante de las noticias más importantes de Venezuela y el mundo:

https://t.me/Alertas24

📲  **Sigue a Alertas24 en Twitter para recibir más contenido relevante al instante:**

https://twitter.com/Alertas24Vzla

**Instagram y Threads:**

@Alertas24","🚨🚔🗣️ **Two former police officers arrested for staging a fake operation in Carabobo:** Christian Mendoza and Jonathan Lamas were apprehended after staging a fake operation at a family's home in Los Guayos, Carabobo state. According to the Public Prosecutor's Office, the detainees impersonated active police officers. Both had previously been dismissed from their commands for misconduct. They will be charged with trespassing, possession of a replica firearm, and conspiracy. 📡📲 Join our Telegram news channel and stay up-to-date 24/7 with the most important news from Venezuela and the world: https://t.me/Alertas24 📲 **Follow Alertas24 on Twitter for more relevant content instantly:** https://twitter.com/Alertas24Vzla **Instagram and Threads:** @Alertas24",,
2553,1409438904,14033,2023-01-09 16:19:43+00:00,"🚨🇻🇪**📚 Anzoátegui, Monagas, Aragua, Bolívar, Barinas, Carabobo, Yaracuy, Cojedes, Trujillo, Lara, Sucre y Guárico también dicen presente en la manifestación pacífica para exigir salarios justos.

📸 Fotos: Cortesía. **

📡📲 Únete a nuestro canal de noticias en Telegram y entérate 24/7 y al instante de las noticias más importantes de Venezuela y el mundo:

 https://t.me/Alertas24

📲  **Sigue a Alertas24 en Instagram para recibir más contenido relevante al instante:**

https://instagram.com/Alertas24

Alertas 2️⃣4️⃣","🚨🇻🇪**📚 Anzoátegui, Monagas, Aragua, Bolívar, Barinas, Carabobo, Yaracuy, Cojedes, Trujillo, Lara, Sucre, and Guárico are also present at the peaceful demonstration demanding fair wages. 📸 Photos: Courtesy. ** 📡📲 Join our news channel on Telegram and stay informed 24/7 and instantly about the most important news from Venezuela and the world: https://t.me/Alertas24 📲 **Follow Alertas24 on Instagram to receive more relevant content instantly:** https://instagram.com/Alertas24 Alertas 2️⃣4️⃣",,
2554,1409438904,43854,2025-11-15 19:14:46+00:00,"💥🔫 **CICPC investiga asesinato de joven de 21 años en Falcón**

https://alertas24.com/cicpc-investiga-asesinato-de-joven-de-21-anos-en-falcon/

📡📲 Únete a nuestro canal de noticias en Telegram y entérate 24/7 y al instante de las noticias más importantes de Venezuela y el mundo:

https://t.me/Alertas24

📲  **Suscríbete a Alertas 24 en YouTube para recibir más contenido relevante al instante:**

https://youtube.com/@Alertas24

Alertas 2️⃣4️⃣",💥🔫 **CICPC investigates the murder of a 21-year-old in Falcón** https://alertas24.com/cicpc-investiga-asesinato-de-joven-de-21-anos-en-falcon/ 📡📲 Join our news channel on Telegram and stay informed 24/7 and instantly about the most important news from Venezuela and the world: https://t.me/Alertas24 📲 **Subscribe to Alertas 24 on YouTube to receive more relevant content instantly:** https://youtube.com/@Alertas24 Alertas 2️⃣4️⃣,,
2555,1409438904,32230,2024-10-18 18:19:50+00:00,"💥🚗 **Accidente entre carro y gandola deja 5 muertos en Táchira**

https://alertas24.com/accidente-entre-carro-y-gandola-deja-5-muertos-en-tachira/

📡📲 Únete a nuestro canal de noticias en Telegram y entérate 24/7 y al instante de las noticias más importantes de Venezuela y el mundo:

https://t.me/Alertas24

📲  **Sigue a Alertas24 en Instagram para recibir más contenido relevante al instante:**

https://instagram.com/Alertas24

Alertas 2️⃣4️⃣",💥🚗 **Car and truck collision leaves 5 dead in Táchira** https://alertas24.com/accidente-entre-carro-y-gandola-deja-5-muertos-en-tachira/ 📡📲 Join our Telegram news channel and get 24/7 instant updates on the most important news from Venezuela and the world: https://t.me/Alertas24 📲 **Follow Alertas24 on Instagram for more relevant content:** https://instagram.com/Alertas24 Alertas 2️⃣4️⃣,,
2556,1409438904,15459,2023-03-18 18:29:05+00:00,"🚨🌎**🇪🇨 Momentos de pánico se vivieron en supermercado de Guayaquil, Ecuador, durante fuerte sismo de 6.5.

Hace minutos las autoridades confirmaron que el movimiento telúrico deja, hasta ahora, un muerto.

En desarrollo...**

📡📲 Únete a nuestro canal de noticias en Telegram y entérate 24/7 y al instante de las noticias más importantes de Venezuela y el mundo:

https://t.me/Alertas24

📲  **Sigue a Alertas24 en Instagram para recibir más contenido relevante al instante:**

https://instagram.com/Alertas24

Alertas 2️⃣4️⃣","🚨🌎**🇪🇨 Moments of panic were experienced in a supermarket in Guayaquil, Ecuador, during a strong 6.5 magnitude earthquake. Minutes ago, authorities confirmed that the earthquake has left, so far, one dead. Developing story...** 📡📲 Join our news channel on Telegram and get 24/7 instant updates on the most important news from Venezuela and the world: https://t.me/Alertas24 📲 **Follow Alertas24 on Instagram to receive more relevant content instantly:** https://instagram.com/Alertas24 Alertas 2️⃣4️⃣",,
2557,1409438904,20521,2023-10-18 22:47:23+00:00,"🇮🇱🇵🇸✝️ **Los muertos en Gaza superan ya los 3.000, 853 de ellos niños, confirma la ONU
**
https://alertas24.com/internacionales/los-muertos-en-gaza-superan-ya-los-3-000-853-de-ellos-ninos-confirma-la-onu/

📡📲 Únete a nuestro canal de noticias en Telegram y entérate 24/7 y al instante de las noticias más importantes de Venezuela y el mundo:

https://t.me/Alertas24

📲  **Sigue a Alertas24 en Instagram para recibir más contenido relevante al instante:**

https://instagram.com/Alertas24

Alertas 2️⃣4️⃣","🇮🇱🇵🇸✝️ **The death toll in Gaza has now surpassed 3,000, 853 of them children, confirms the UN** https://alertas24.com/internacionales/los-muertos-en-gaza-superan-ya-los-3-000-853-de-ellos-ninos-confirma-la-onu/ 📡📲 Join our news channel on Telegram and stay informed 24/7 and instantly about the most important news from Venezuela and the world: https://t.me/Alertas24 📲 **Follow Alertas24 on Instagram to receive more relevant content instantly:** https://instagram.com/Alertas24 Alertas 2️⃣4️⃣",,
2558,1409438904,39722,2025-05-29 20:41:44+00:00,"🚔📦 **Detenido hombre por contrabando de bolsas del CLAP en Aragua**

https://alertas24.com/detenido-hombre-por-contrabando-de-bolsas-de-clap-en-aragua/

📡📲 Únete a nuestro canal de noticias en Telegram y entérate 24/7 y al instante de las noticias más importantes de Venezuela y el mundo:

https://t.me/Alertas24

📲  **Suscríbete a Alertas 24 en YouTube para recibir más contenido relevante al instante:**

https://youtube.com/@Alertas24

Alertas 2️⃣4️⃣",🚔📦 **Man arrested for smuggling CLAP food bags in Aragua** https://alertas24.com/detenido-hombre-por-contrabando-de-bolsas-de-clap-en-aragua/ 📡📲 Join our Telegram news channel and stay informed 24/7 and instantly about the most important news from Venezuela and the world: https://t.me/Alertas24 📲 **Subscribe to Alertas 24 on YouTube to receive more relevant content instantly:** https://youtube.com/@Alertas24 Alertas 2️⃣4️⃣,,
2559,1246484941,62850,2025-12-19 02:04:40+00:00,"**__#EnResumen__****__ || Lo más destacado del presidente __**[**__Nicolás Maduro__**](https://t.me/NicolasMaduroMoros)**__ en la rehabilitación integral y entrega del Tramo Express del Sistema Metrocable Mariche:
__**
🔷 El Jefe de Estado hizo **entrega de la rehabilitación integral del Sistema Metrocable Mariche**, en el estado Miranda, **para beneficiar a más de 130 mil habitantes** de esta comunidad.

🔷 Esta recuperación de la Estación Palo Verde a la Estación Mariche contó con el mantenimiento mayor de 120 cabinas y la sustitución de 5 mil metros de cable de comunicación de 40 pares.

🔷 Asimismo, se realizó la **instalación de 5 mil metros de fibra óptica**, la reactivación del motor auxiliar de la Estación Mariche y la restauración de los motores eléctricos de accionamiento principal, entre otras reparaciones.

🔷 La Rehabilitación Integral del Sistema Metrocable Mariche **forma parte de las 2T del Plan de las 7 Transformaciones, que establece el desarrollo de ciudades más humanas.**

🔷 Resaltó que esta obra, completamente recuperada y reactivada, forma parte de una inversión de la Revolución Bolivariana en los barrios de Mariche y zonas aledañas.

🔷 Recordó que el 8 de diciembre de 2012, cuando el comandante Chávez realizó su última proclama, dejó órdenes bien expresas; en el mismo año, inauguró el primer tramo del Metrocable de Mariche.

🔷 Expresó que Venezuela romperá el maleficio de la traición y será leal al Comandante Hugo Chávez, **""aquí en esta vida, más allá, en todas las vidas que nos toque"", agregó.**

🔷 Informó que más de 2 millones de constituciones de la ""época del Comandante Chávez"" serán impresas para ser entregadas de forma masiva al pueblo venezolano.

🔷 Destacó que en Venezuela se está cumpliendo con el mandato que establece la Ley y la Carta Magna, recordando que hace pocos días se cumplió 26 años.

**""Hace unos años la trataron de matar, pero inmediatamente, cuando la vieron sangrante y a punto de morir, se unieron el pueblo de los barrios, el pueblo de a pie y los militares patriotas, y la rescataron aquel 13 y 14 de abril"".**

🔷 Señaló que en Venezuela se va a seguir produciendo; los 14 motores y todos los productos que se venden seguirán saliendo al mercado internacional.

**""Porque somos un país libre y garantizaremos el libre comercio de Venezuela, del Caribe y de toda Sudamérica"", indicó.**

🔷 Señaló que el poder económico de los 14 motores de la Agenda Económica Bolivariana está produciendo y manteniendo al país, y que, a pesar de la coyuntura, se está vendiendo.

🔷 Ordenó la puesta en marcha del Proyecto Productivo «Ezequiel Zamora» para los barrios del municipio Sucre, en el estado Miranda, para impulsar la producción en los campos y comunidades.

🔷 Anunció la llegada del certificado oficial de la Unesco que declaró al Joropo como Patrimonio Inmaterial y Cultural de la Humanidad.

**""El joropo se erige como un bastión de la sagrada y afirmativa identidad cultural venezolana, es un bastión cultural"".****
**
🔷 Denunció nuevamente las artimañas de la ultraderecha venezolana que intenta colonizar a Venezuela.

**""Quieren que Venezuela renuncie a sus derechos históricos y que nuestra Patria se convierta en una colonia; pues le tenemos malas noticias a la ultraderecha guaidocista y sayonista, porque son derechos irrenunciables de la Nación"".**

🔷 Pidió seguir madurando la conciencia, fortaleciendo la organización de base, la democracia profunda, sin sectarismo ni divisionismo, para la lucha diaria y conjunta.

🔷 Manifestó con profundo orgullo que Venezuela se ha ganado el respeto internacional en la defensa de su paz.

**""En este mundo se respeta a los que luchan, a los que avanzan, a los que son capaces de defender sus ideas y sus derechos de manera irrenunciable, como manda nuestra Constitución"".**

🔷 Enfatizó que el Poder Nacional es la máxima garantía de soberanía, independencia, paz y máxima felicidad.","**__#InSummary__****__ || Highlights from President __**[**__Nicolás Maduro__**](https://t.me/NicolasMaduroMoros)**__ on the comprehensive rehabilitation and delivery of the Mariche Metrocable System Express Section: __** 🔷 The Head of State delivered the **comprehensive rehabilitation of the Mariche Metrocable System**, in Miranda State, **benefiting more than 130,000 residents** of this community. 🔷 This rehabilitation, from Palo Verde Station to Mariche Station, included major maintenance of 120 cabins and the replacement of 5,000 meters of 40-pair communication cable. 🔷 Additionally, 5,000 meters of fiber optic cable were installed, the auxiliary motor at Mariche Station was reactivated, and the main drive motors were restored, among other repairs. 🔷 The Comprehensive Rehabilitation of the Mariche Metrocable System **is part of the 2T phase of the 7 Transformations Plan, which aims to develop more humane cities.** 🔷 He emphasized that this fully restored and reactivated project is part of the Bolivarian Revolution's investment in the Mariche neighborhood and surrounding areas. 🔷 He recalled that on December 8, 2012, when Commander Chávez made his final proclamation, he gave clear instructions; in that same year, he inaugurated the first section of the Mariche Metrocable. 🔷 He expressed that Venezuela will break the curse of betrayal and will be loyal to Commander Hugo Chávez, **""here in this life, beyond, in all the lives we may have,"" he added.** 🔷 He reported that more than 2 million copies of the constitution from the ""era of Commander Chávez"" will be printed for mass distribution to the Venezuelan people. 🔷 He emphasized that Venezuela is fulfilling the mandate established by the Law and the Magna Carta, recalling that just a few days ago marked its 26th anniversary. **""A few years ago they tried to kill it, but immediately, when they saw it bleeding and on the verge of death, the people from the neighborhoods, the ordinary people, and the patriotic military united and rescued it on April 13th and 14th.""** 🔷 He indicated that production will continue in Venezuela; the 14 engines and all the products that are sold will continue to reach the international market. **""Because we are a free country and we will guarantee free trade for Venezuela, the Caribbean, and all of South America,"" he stated.** 🔷 He pointed out that the economic power of the 14 engines of the Bolivarian Economic Agenda is producing and sustaining the country, and that, despite the current situation, it is being sold. 🔷 He ordered the implementation of the ""Ezequiel Zamora"" Productive Project for the neighborhoods of the Sucre municipality, in Miranda state, to boost production in the fields and communities. 🔷 He announced the arrival of the official UNESCO certificate declaring Joropo an Intangible Cultural Heritage of Humanity. **""Joropo stands as a bastion of the sacred and affirmative Venezuelan cultural identity; it is a cultural bastion.""** 🔷 He again denounced the machinations of the Venezuelan far right, which is attempting to colonize Venezuela. **""They want Venezuela to renounce its historical rights and for our homeland to become a colony; well, we have bad news for the Guaidó-supporting and Sayonara-supporting far right, because these are inalienable rights of the Nation.""** 🔷 He called for continued development of consciousness, strengthening grassroots organization, and fostering deep democracy, without sectarianism or division, for the daily and collective struggle. 🔷 He stated with profound pride that Venezuela has earned international respect in the defense of its peace. **""In this world, respect is given to those who fight, those who advance, those who are capable of defending their ideas and their inalienable rights, as mandated by our Constitution.""** 🔷 He emphasized that National Power is the ultimate guarantee of sovereignty, independence, peace, and ultimate happiness.",,
2560,1375124677,46077,2024-09-28 15:18:42+00:00,"**🇱🇧 Así está Beirut tras la noticia de la muerte del líder de Hizbulá**

En las redes circulan imágenes de las calles de los suburbios del sur de la capital libanesa, Beirut, después de que Hizbulá anunciara el asesinato de su secretario general, Hasán Nasralá.

[Sputnik Mundo ]

📡  🇻🇪 𝗥𝗘𝗗𝗘𝗦 𝗦𝗢𝗖𝗜𝗔𝗟𝗘𝗦

Telegram
https://t.me/PatriaDigital

Instagram
https://bit.ly/4aeiHsj

Canal en WhatsApp
https://whatsapp.com/channel/0029VaYsEiEFnSzIkanp4A3K","**🇱🇧 This is Beirut after the news of the Hezbollah leader's death** Images are circulating on social media of the streets in the southern suburbs of the Lebanese capital, Beirut, after Hezbollah announced the assassination of its secretary general, Hassan Nasrallah. [Sputnik Mundo] 📡 🇻🇪 SOCIAL MEDIA Telegram https://t.me/PatriaDigital Instagram https://bit.ly/4aeiHsj WhatsApp Channel https://whatsapp.com/channel/0029VaYsEiEFnSzIkanp4A3K",,
2561,1246484941,38016,2023-11-22 22:16:55+00:00,"**#EnVivo**** || Presidente ****@NicolasMaduro**** en Encuentro con los Cadetes de nuestra gloriosa ****#FANB**** en defensa de la ****#GuayanaEsequiba**

 Es majestuoso, imponente, estar ante el futuro militar de #Venezuela. El futuro de nuestra #Patria.

Las #FANB han jugado un papel muy especial en la recuperación de la independencia, la soberanía, la dignidad y la consciencia nacional.

La xenofobia de esa oligarquía racista de #Perú ha arremetido contra nuestra nobel selección nacional de fútbol, #LaVinotinto. #Venezuela ha alzado su voz para protestar la xenofobia, la violencia, la agresión contra #LaVinotinto.

La xenofobia, la envidia contra #Venezuela, contra Bolívar, contra Sucre, Toda esa derecha, toda esa oligarquía nos envidia. Y nos seguirán envidiando, por que ¡#Venezuela lo que va es pa'lante!

#22Nov","**#Live**** || President ****@NicolasMaduro**** meeting with the Cadets of our glorious ****#FANB**** in defense of the ****#GuayanaEsequibo** It is majestic, imposing, to be before the military future of #Venezuela. The future of our #Homeland. The #FANB have played a very special role in the recovery of independence, sovereignty, dignity, and national consciousness. The xenophobia of that racist oligarchy in #Peru has lashed out against our national soccer team, #LaVinotinto. #Venezuela has raised its voice to protest the xenophobia, the violence, the aggression against #LaVinotinto. The xenophobia, the envy against #Venezuela, against Bolívar, against Sucre. All that right wing, all that oligarchy envies us. And they will continue to envy us, because #Venezuela is moving forward! #22Nov",,
2562,1375124677,55481,2025-06-05 20:03:25+00:00,"#ÚLTIMOMINUTO


🚨🇻🇪**⛓️🚔****💰**** Van 40 detenidos por promover el dólar paralelo**

‘’Esa gente le ha hecho daño al país’’, sentenció Cabello

El ministro de Interiores, Diosdado Cabello, informó que ya suman 40 los detenidos por promover el denominado dólar paralelo.
«No fue una persona, ya van como 40, yo creo que más’’, comentó Cabello durante la última edición (529) de su programa televisivo Con el Mazo Dando desde donde respondió a una publicación de un influencer, quien lamentó la detención de una persona relacionada con las plataformas del dólar paralelo.
‘’Esa gente le ha hecho daño al país’’, dijo Cabello quien reconoció el trabajo de la Policía Nacional Bolivariana (PNB) en las investigaciones respecto a la denominada Guerra Económica. ‘’La PNB tiene un equipo extraordinario de inteligencia financiera’’, acotó el Ministro aludiendo al cuerpo de seguridad ciudadana.
El Ministro advirtió que ‘’todo esto tiene un vínculo político’’, lo cual se palpa en el silencio que guarda el grupo nucleado alrededor de María Corina Machado respecto al tema cambiario.
Cabello confirmó la información publicada por Últimas Noticias el Lunes pasado sobre el allanamiento a una casa de Gustavo Goncalves, cofundador de El Dorado, una de los portales promotores del dóla paralelo. ‘’Y si usted supiera lo que encontramos cuando allanamos su casa. Nada está divorciado de los político’’, acotó Cabello quien recalcó que el cambio oficial de las divisas las coloca el Banco Central de Venezuela.
‘’El que esté vendiendo a precio distinto al BCV que asuma la responsabilidad’’, advirtió el Ministro.

🌍🌐  🇻🇪  𝗖𝗮𝗻𝗮𝗹 𝗣𝗮𝘁𝗿𝗶𝗮 𝗗𝗶𝗴𝗶𝘁𝗮𝗹.

📱Telegram
https://t.me/PatriaDigital

Instagram
https://bit.ly/43sxGxA

Canal en WhatsApp
https://whatsapp.com/channel/0029VaYsEiEFnSzIkanp4A3K","#BREAKING 🚨🇻🇪**⛓️🚔****💰**** 40 Arrested for Promoting the Parallel Dollar** ""These people have harmed the country,"" Cabello declared. Interior Minister Diosdado Cabello reported that the number of people arrested for promoting the so-called parallel dollar has reached 40. ""It wasn't just one person, it's about 40 now, I think more,"" Cabello commented during the latest edition (529) of his television program ""Con el Mazo Dando,"" where he responded to a post by an influencer who lamented the arrest of someone connected to parallel dollar platforms. ""These people have harmed the country,"" said Cabello, who acknowledged the work of the Bolivarian National Police (PNB) in the investigations regarding the so-called Economic War. ""The PNB has an extraordinary financial intelligence team,"" the Minister added, referring to the citizen security force. The Minister warned that ""all of this has a political connection,"" which is evident in the silence maintained by the group surrounding María Corina Machado regarding the exchange rate issue. Cabello confirmed the information published by Últimas Noticias last Monday about the raid on the home of Gustavo Goncalves, co-founder of El Dorado, one of the websites promoting the parallel dollar market. ""And if you only knew what we found when we raided his house. Nothing is separate from politics,"" Cabello added, emphasizing that the official exchange rate is set by the Central Bank of Venezuela. ""Anyone selling at a rate different from the BCV's should take responsibility,"" the Minister warned. 🌍🌐 🇻🇪 Digital National Channel. 📱Telegram https://t.me/PatriaDigital Instagram https://bit.ly/43sxGxA WhatsApp Channel https://whatsapp.com/channel/0029VaYsEiEFnSzIkanp4A3K",,
2563,1246484941,38020,2023-11-22 22:50:10+00:00,"**#GentilicioVenezolano**** || ****#Venezuela**** rechaza xenofobia de Perú contra la selección Vinotinto**

“La oligarquía racista de Perú ha arremetido contra nuestra noble selección nacional de fútbol, la Vinotinto. Venezuela alza su voz para protestar la xenofobia, la violencia, la agresión contra la vinotinto venezolana”.

Las palabras corresponden al presidente de la República, Nicolás Maduro, quien rechazó los actos de xenofobia de los cuales fueron víctimas los jugadores de la Vinotinto, por parte de efectivos de la Policía Nacional de Perú, durante un Encuentro con los Cadetes de la Fuerza Armada Nacional Bolivariana (FANB) en defensa del Esequibo, en el Poliedro de Caracas, ubicado en La Rinconada, en Caracas.

#22Nov
https://n9.cl/k061nw","**#VenezuelanDemonym**** || ****#Venezuela**** Rejects Peru's Xenophobia Against the Vinotinto National Team** “The racist oligarchy of Peru has attacked our noble national football team, the Vinotinto. Venezuela raises its voice to protest the xenophobia, the violence, the aggression against the Venezuelan Vinotinto.” These words belong to the President of the Republic, Nicolás Maduro, who rejected the acts of xenophobia suffered by the Vinotinto players at the hands of members of the Peruvian National Police during a meeting with cadets of the Bolivarian National Armed Forces (FANB) in defense of the Essequibo region, at the Poliedro de Caracas, located in La Rinconada, Caracas. #22Nov https://n9.cl/k061nw",,